ECHO 处于关闭状态。
ECHO 处于关闭状态。

****** Vivado v2023.2 (64-bit)
  **** SW Build 4029153 on Fri Oct 13 20:14:34 MDT 2023
  **** IP Build 4028589 on Sat Oct 14 00:45:43 MDT 2023
  **** SharedData Build 4025554 on Tue Oct 10 17:18:54 MDT 2023
    ** Copyright 1986-2022 Xilinx, Inc. All Rights Reserved.
    ** Copyright 2022-2023 Advanced Micro Devices, Inc. All Rights Reserved.

source {E:\zcu104_vivado\probe_b_standalone.tcl} -notrace
=== PROBE_B_START ===
PROBE_CWD=E:/zcu104_vivado
PROBE_PART=xczu7ev-ffvc1156-2-e
PROBE_FILES=21
PROBE_TOP=gestureflow_layer_chain_dmp_hp0_axil
Command: synth_design -top gestureflow_layer_chain_dmp_hp0_axil -part xczu7ev-ffvc1156-2-e -mode out_of_context
Starting synth_design
Attempting to get a license for feature 'Synthesis' and/or device 'xczu7ev'
INFO: [Common 17-349] Got license for feature 'Synthesis' and/or device 'xczu7ev'
INFO: [Synth 8-7079] Multithreading enabled for synth_design using a maximum of 2 processes.
INFO: [Synth 8-7078] Launching helper process for spawning children vivado processes
INFO: [Synth 8-7075] Helper process launched with PID 15880
---------------------------------------------------------------------------------
Starting Synthesize : Time (s): cpu = 00:00:02 ; elapsed = 00:00:04 . Memory (MB): peak = 938.977 ; gain = 443.375
---------------------------------------------------------------------------------
INFO: [Synth 8-6157] synthesizing module 'gestureflow_layer_chain_dmp_hp0_axil' [E:/zcu104_vivado/gftmpl/gestureflow_src/gestureflow_layer_chain_dmp_hp0_axil.sv:12]
INFO: [Synth 8-6157] synthesizing module 'gestureflow_output_bank_relay_loader' [E:/zcu104_vivado/gftmpl/gestureflow_src/gestureflow_output_bank_relay_loader.sv:9]
	Parameter CHANNELS bound to: 32'sb00000000000000000000000000010000 
	Parameter ADDR_W bound to: 32'sb00000000000000000000000000001110 
	Parameter FIFO_DEPTH bound to: 32'sb00000000000000000000000000000100 
INFO: [Synth 8-6155] done synthesizing module 'gestureflow_output_bank_relay_loader' (0#1) [E:/zcu104_vivado/gftmpl/gestureflow_src/gestureflow_output_bank_relay_loader.sv:9]
INFO: [Synth 8-6157] synthesizing module 'gestureflow_output_bank_pool_relay_loader' [E:/zcu104_vivado/gftmpl/gestureflow_src/gestureflow_output_bank_pool_relay_loader.sv:9]
	Parameter CHANNELS bound to: 32'sb00000000000000000000000000010000 
	Parameter ADDR_W bound to: 32'sb00000000000000000000000000001110 
	Parameter FIFO_DEPTH bound to: 32'sb00000000000000000000000000000100 
INFO: [Synth 8-6155] done synthesizing module 'gestureflow_output_bank_pool_relay_loader' (0#1) [E:/zcu104_vivado/gftmpl/gestureflow_src/gestureflow_output_bank_pool_relay_loader.sv:9]
INFO: [Synth 8-6157] synthesizing module 'gestureflow_output_bank' [E:/zcu104_vivado/gftmpl/gestureflow_src/gestureflow_output_bank.sv:30]
	Parameter ADDR_W bound to: 32'sb00000000000000000000000000001110 
	Parameter DATA_W bound to: 32'sb00000000000000000000000010000000 
INFO: [Synth 8-6157] synthesizing module 'gestureflow_output_bank_slice' [E:/zcu104_vivado/gftmpl/gestureflow_src/gestureflow_output_bank.sv:10]
	Parameter ADDR_W bound to: 32'sb00000000000000000000000000001100 
	Parameter DATA_W bound to: 32'sb00000000000000000000000010000000 
INFO: [Synth 8-6155] done synthesizing module 'gestureflow_output_bank_slice' (0#1) [E:/zcu104_vivado/gftmpl/gestureflow_src/gestureflow_output_bank.sv:10]
INFO: [Synth 8-6155] done synthesizing module 'gestureflow_output_bank' (0#1) [E:/zcu104_vivado/gftmpl/gestureflow_src/gestureflow_output_bank.sv:30]
WARNING: [Synth 8-324] index 16 out of range [E:/zcu104_vivado/gftmpl/gestureflow_src/gestureflow_layer_chain_dmp_hp0_axil.sv:425]
WARNING: [Synth 8-324] index 17 out of range [E:/zcu104_vivado/gftmpl/gestureflow_src/gestureflow_layer_chain_dmp_hp0_axil.sv:425]
WARNING: [Synth 8-324] index 18 out of range [E:/zcu104_vivado/gftmpl/gestureflow_src/gestureflow_layer_chain_dmp_hp0_axil.sv:425]
WARNING: [Synth 8-324] index 19 out of range [E:/zcu104_vivado/gftmpl/gestureflow_src/gestureflow_layer_chain_dmp_hp0_axil.sv:425]
WARNING: [Synth 8-324] index 20 out of range [E:/zcu104_vivado/gftmpl/gestureflow_src/gestureflow_layer_chain_dmp_hp0_axil.sv:425]
WARNING: [Synth 8-324] index 21 out of range [E:/zcu104_vivado/gftmpl/gestureflow_src/gestureflow_layer_chain_dmp_hp0_axil.sv:425]
WARNING: [Synth 8-324] index 22 out of range [E:/zcu104_vivado/gftmpl/gestureflow_src/gestureflow_layer_chain_dmp_hp0_axil.sv:425]
WARNING: [Synth 8-324] index 23 out of range [E:/zcu104_vivado/gftmpl/gestureflow_src/gestureflow_layer_chain_dmp_hp0_axil.sv:425]
WARNING: [Synth 8-324] index 24 out of range [E:/zcu104_vivado/gftmpl/gestureflow_src/gestureflow_layer_chain_dmp_hp0_axil.sv:425]
WARNING: [Synth 8-324] index 25 out of range [E:/zcu104_vivado/gftmpl/gestureflow_src/gestureflow_layer_chain_dmp_hp0_axil.sv:425]
WARNING: [Synth 8-324] index 26 out of range [E:/zcu104_vivado/gftmpl/gestureflow_src/gestureflow_layer_chain_dmp_hp0_axil.sv:425]
WARNING: [Synth 8-324] index 27 out of range [E:/zcu104_vivado/gftmpl/gestureflow_src/gestureflow_layer_chain_dmp_hp0_axil.sv:425]
WARNING: [Synth 8-324] index 28 out of range [E:/zcu104_vivado/gftmpl/gestureflow_src/gestureflow_layer_chain_dmp_hp0_axil.sv:425]
WARNING: [Synth 8-324] index 29 out of range [E:/zcu104_vivado/gftmpl/gestureflow_src/gestureflow_layer_chain_dmp_hp0_axil.sv:425]
WARNING: [Synth 8-324] index 30 out of range [E:/zcu104_vivado/gftmpl/gestureflow_src/gestureflow_layer_chain_dmp_hp0_axil.sv:425]
WARNING: [Synth 8-324] index 31 out of range [E:/zcu104_vivado/gftmpl/gestureflow_src/gestureflow_layer_chain_dmp_hp0_axil.sv:425]
WARNING: [Synth 8-324] index 32 out of range [E:/zcu104_vivado/gftmpl/gestureflow_src/gestureflow_layer_chain_dmp_hp0_axil.sv:425]
WARNING: [Synth 8-324] index 33 out of range [E:/zcu104_vivado/gftmpl/gestureflow_src/gestureflow_layer_chain_dmp_hp0_axil.sv:425]
WARNING: [Synth 8-324] index 34 out of range [E:/zcu104_vivado/gftmpl/gestureflow_src/gestureflow_layer_chain_dmp_hp0_axil.sv:425]
WARNING: [Synth 8-324] index 35 out of range [E:/zcu104_vivado/gftmpl/gestureflow_src/gestureflow_layer_chain_dmp_hp0_axil.sv:425]
WARNING: [Synth 8-324] index 36 out of range [E:/zcu104_vivado/gftmpl/gestureflow_src/gestureflow_layer_chain_dmp_hp0_axil.sv:425]
WARNING: [Synth 8-324] index 37 out of range [E:/zcu104_vivado/gftmpl/gestureflow_src/gestureflow_layer_chain_dmp_hp0_axil.sv:425]
WARNING: [Synth 8-324] index 38 out of range [E:/zcu104_vivado/gftmpl/gestureflow_src/gestureflow_layer_chain_dmp_hp0_axil.sv:425]
WARNING: [Synth 8-324] index 39 out of range [E:/zcu104_vivado/gftmpl/gestureflow_src/gestureflow_layer_chain_dmp_hp0_axil.sv:425]
WARNING: [Synth 8-324] index 40 out of range [E:/zcu104_vivado/gftmpl/gestureflow_src/gestureflow_layer_chain_dmp_hp0_axil.sv:425]
WARNING: [Synth 8-324] index 41 out of range [E:/zcu104_vivado/gftmpl/gestureflow_src/gestureflow_layer_chain_dmp_hp0_axil.sv:425]
WARNING: [Synth 8-324] index 42 out of range [E:/zcu104_vivado/gftmpl/gestureflow_src/gestureflow_layer_chain_dmp_hp0_axil.sv:425]
WARNING: [Synth 8-324] index 43 out of range [E:/zcu104_vivado/gftmpl/gestureflow_src/gestureflow_layer_chain_dmp_hp0_axil.sv:425]
WARNING: [Synth 8-324] index 44 out of range [E:/zcu104_vivado/gftmpl/gestureflow_src/gestureflow_layer_chain_dmp_hp0_axil.sv:425]
WARNING: [Synth 8-324] index 45 out of range [E:/zcu104_vivado/gftmpl/gestureflow_src/gestureflow_layer_chain_dmp_hp0_axil.sv:425]
WARNING: [Synth 8-324] index 46 out of range [E:/zcu104_vivado/gftmpl/gestureflow_src/gestureflow_layer_chain_dmp_hp0_axil.sv:425]
WARNING: [Synth 8-324] index 47 out of range [E:/zcu104_vivado/gftmpl/gestureflow_src/gestureflow_layer_chain_dmp_hp0_axil.sv:425]
INFO: [Synth 8-6157] synthesizing module 'gestureflow_hp0_rgb_loader' [E:/zcu104_vivado/gftmpl/gestureflow_src/gestureflow_hp0_rgb_loader.sv:7]
INFO: [Synth 8-226] default block is never used [E:/zcu104_vivado/gftmpl/gestureflow_src/gestureflow_hp0_rgb_loader.sv:105]
INFO: [Synth 8-6155] done synthesizing module 'gestureflow_hp0_rgb_loader' (0#1) [E:/zcu104_vivado/gftmpl/gestureflow_src/gestureflow_hp0_rgb_loader.sv:7]
INFO: [Synth 8-6157] synthesizing module 'gestureflow_hp0_tensor_loader_banked' [E:/zcu104_vivado/gftmpl/gestureflow_src/gestureflow_hp0_tensor_loader_banked.sv:10]
	Parameter CHANNELS bound to: 32'sb00000000000000000000000000010000 
INFO: [Synth 8-226] default block is never used [E:/zcu104_vivado/gftmpl/gestureflow_src/gestureflow_hp0_tensor_loader_banked.sv:193]
INFO: [Synth 8-6155] done synthesizing module 'gestureflow_hp0_tensor_loader_banked' (0#1) [E:/zcu104_vivado/gftmpl/gestureflow_src/gestureflow_hp0_tensor_loader_banked.sv:10]
INFO: [Synth 8-6157] synthesizing module 'gestureflow_hp0_weight_dma_loader_dmp' [E:/zcu104_vivado/gftmpl/gestureflow_src/gestureflow_hp0_weight_dma_loader_dmp.sv:10]
	Parameter FIFO_BEATS bound to: 32'sb00000000000000000000000000010000 
	Parameter MAX_TAPS bound to: 32'sb00000000000000000000000000010000 
	Parameter MAX_GROUPS bound to: 32'sb00000000000000000000000000001000 
	Parameter MAX_OUTPUT_LANES bound to: 32'sb00000000000000000000000000010000 
INFO: [Synth 8-226] default block is never used [E:/zcu104_vivado/gftmpl/gestureflow_src/gestureflow_hp0_weight_dma_loader_dmp.sv:225]
INFO: [Synth 8-6155] done synthesizing module 'gestureflow_hp0_weight_dma_loader_dmp' (0#1) [E:/zcu104_vivado/gftmpl/gestureflow_src/gestureflow_hp0_weight_dma_loader_dmp.sv:10]
INFO: [Synth 8-6157] synthesizing module 'gestureflow_conv4x4_cin_same_stream_dmp' [E:/zcu104_vivado/gftmpl/gestureflow_src/gestureflow_conv4x4_cin_same_stream_dmp.sv:14]
	Parameter IMAGE_WIDTH bound to: 32'sb00000000000000000000000001100000 
	Parameter IMAGE_HEIGHT bound to: 32'sb00000000000000000000000001100000 
	Parameter INPUT_CHANNELS bound to: 32'sb00000000000000000000000000010000 
	Parameter OUT_LANES bound to: 32'sb00000000000000000000000000010000 
	Parameter KERNEL_SIZE bound to: 32'sb00000000000000000000000000000100 
INFO: [Synth 8-6157] synthesizing module 'gestureflow_same4x4_cin_window' [E:/zcu104_vivado/gftmpl/gestureflow_src/gestureflow_same4x4_cin_window.sv:10]
	Parameter IMAGE_WIDTH bound to: 32'sb00000000000000000000000001100000 
	Parameter IMAGE_HEIGHT bound to: 32'sb00000000000000000000000001100000 
	Parameter CHANNELS bound to: 32'sb00000000000000000000000000010000 
	Parameter KERNEL_SIZE bound to: 32'sb00000000000000000000000000000100 
INFO: [Synth 8-6157] synthesizing module 'gestureflow_line_window_vector' [E:/zcu104_vivado/gftmpl/gestureflow_src/gestureflow_line_window_vector.sv:7]
	Parameter IMAGE_WIDTH bound to: 32'sb00000000000000000000000001100011 
	Parameter KERNEL_SIZE bound to: 32'sb00000000000000000000000000000100 
	Parameter DATA_WIDTH bound to: 32'sb00000000000000000000000010000000 
INFO: [Synth 8-6157] synthesizing module 'gestureflow_line_delay_vector_bank' [E:/zcu104_vivado/gftmpl/gestureflow_src/gestureflow_line_delay_vector_bank.sv:7]
	Parameter ADDR_W bound to: 32'sb00000000000000000000000000000111 
	Parameter DATA_WIDTH bound to: 32'sb00000000000000000000000010000000 
INFO: [Synth 8-6155] done synthesizing module 'gestureflow_line_delay_vector_bank' (0#1) [E:/zcu104_vivado/gftmpl/gestureflow_src/gestureflow_line_delay_vector_bank.sv:7]
INFO: [Synth 8-6155] done synthesizing module 'gestureflow_line_window_vector' (0#1) [E:/zcu104_vivado/gftmpl/gestureflow_src/gestureflow_line_window_vector.sv:7]
INFO: [Synth 8-6155] done synthesizing module 'gestureflow_same4x4_cin_window' (0#1) [E:/zcu104_vivado/gftmpl/gestureflow_src/gestureflow_same4x4_cin_window.sv:10]
INFO: [Synth 8-6157] synthesizing module 'gestureflow_mac_tile_dmp' [E:/zcu104_vivado/gftmpl/gestureflow_src/gestureflow_mac_tile_dmp.sv:21]
	Parameter OUT_LANES bound to: 32'sb00000000000000000000000000010000 
	Parameter INPUT_LANES bound to: 32'sb00000000000000000000000000001000 
	Parameter MAX_TAPS bound to: 32'sb00000000000000000000000000010000 
	Parameter MAX_IC_GROUPS bound to: 32'sb00000000000000000000000000000010 
INFO: [Synth 8-6157] synthesizing module 'gestureflow_weight_bank' [E:/zcu104_vivado/gftmpl/gestureflow_src/gestureflow_weight_bank.sv:8]
	Parameter ADDR_W bound to: 32'sb00000000000000000000000000000110 
	Parameter DATA_W bound to: 32'sb00000000000000000000000011000000 
INFO: [Synth 8-6155] done synthesizing module 'gestureflow_weight_bank' (0#1) [E:/zcu104_vivado/gftmpl/gestureflow_src/gestureflow_weight_bank.sv:8]
INFO: [Synth 8-6155] done synthesizing module 'gestureflow_mac_tile_dmp' (0#1) [E:/zcu104_vivado/gftmpl/gestureflow_src/gestureflow_mac_tile_dmp.sv:21]
INFO: [Synth 8-6155] done synthesizing module 'gestureflow_conv4x4_cin_same_stream_dmp' (0#1) [E:/zcu104_vivado/gftmpl/gestureflow_src/gestureflow_conv4x4_cin_same_stream_dmp.sv:14]
INFO: [Synth 8-6157] synthesizing module 'gestureflow_requant_relu' [E:/zcu104_vivado/gftmpl/gestureflow_src/gestureflow_requant_relu.sv:14]
	Parameter LANES bound to: 32'sb00000000000000000000000000010000 
	Parameter PARALLEL_LANES bound to: 32'sb00000000000000000000000000000100 
INFO: [Synth 8-6155] done synthesizing module 'gestureflow_requant_relu' (0#1) [E:/zcu104_vivado/gftmpl/gestureflow_src/gestureflow_requant_relu.sv:14]
INFO: [Synth 8-6157] synthesizing module 'gestureflow_hp0_tensor_writer' [E:/zcu104_vivado/gftmpl/gestureflow_src/gestureflow_hp0_tensor_writer.sv:8]
	Parameter VECTOR_COUNT bound to: 32'sb00000000000000000010010000000000 
	Parameter VECTOR_ADDR_W bound to: 32'sb00000000000000000000000000001110 
	Parameter VECTOR_BYTES bound to: 32'sb00000000000000000000000000010000 
	Parameter INPUT_WIDTH bound to: 32'sb00000000000000000000000001100000 
INFO: [Synth 8-6155] done synthesizing module 'gestureflow_hp0_tensor_writer' (0#1) [E:/zcu104_vivado/gftmpl/gestureflow_src/gestureflow_hp0_tensor_writer.sv:8]
INFO: [Synth 8-6157] synthesizing module 'gestureflow_stream_pool2x2' [E:/zcu104_vivado/gftmpl/gestureflow_src/gestureflow_stream_pool2x2.sv:8]
	Parameter VECTOR_BYTES bound to: 32'sb00000000000000000000000000010000 
	Parameter MAX_WIDTH bound to: 32'sb00000000000000000000000001100000 
INFO: [Synth 8-6155] done synthesizing module 'gestureflow_stream_pool2x2' (0#1) [E:/zcu104_vivado/gftmpl/gestureflow_src/gestureflow_stream_pool2x2.sv:8]
INFO: [Synth 8-6157] synthesizing module 'gestureflow_hp0_stream_writer' [E:/zcu104_vivado/gftmpl/gestureflow_src/gestureflow_hp0_stream_writer.sv:11]
	Parameter VECTOR_BYTES bound to: 32'sb00000000000000000000000000010000 
	Parameter MAX_BURST_VECTORS bound to: 32'sb00000000000000000000000000000100 
	Parameter COUNT_W bound to: 32'sb00000000000000000000000000001110 
	Parameter DEFAULT_VECTOR_COUNT bound to: 32'sb00000000000000000010010000000000 
INFO: [Synth 8-6155] done synthesizing module 'gestureflow_hp0_stream_writer' (0#1) [E:/zcu104_vivado/gftmpl/gestureflow_src/gestureflow_hp0_stream_writer.sv:11]
INFO: [Synth 8-6155] done synthesizing module 'gestureflow_layer_chain_dmp_hp0_axil' (0#1) [E:/zcu104_vivado/gftmpl/gestureflow_src/gestureflow_layer_chain_dmp_hp0_axil.sv:12]
WARNING: [Synth 8-6014] Unused sequential element pending_output_data_reg[15] was removed.  [E:/zcu104_vivado/gftmpl/gestureflow_src/gestureflow_output_bank_pool_relay_loader.sv:115]
WARNING: [Synth 8-6014] Unused sequential element pending_output_data_reg[14] was removed.  [E:/zcu104_vivado/gftmpl/gestureflow_src/gestureflow_output_bank_pool_relay_loader.sv:115]
WARNING: [Synth 8-6014] Unused sequential element pending_output_data_reg[13] was removed.  [E:/zcu104_vivado/gftmpl/gestureflow_src/gestureflow_output_bank_pool_relay_loader.sv:115]
WARNING: [Synth 8-6014] Unused sequential element pending_output_data_reg[12] was removed.  [E:/zcu104_vivado/gftmpl/gestureflow_src/gestureflow_output_bank_pool_relay_loader.sv:115]
WARNING: [Synth 8-6014] Unused sequential element pending_output_data_reg[11] was removed.  [E:/zcu104_vivado/gftmpl/gestureflow_src/gestureflow_output_bank_pool_relay_loader.sv:115]
WARNING: [Synth 8-6014] Unused sequential element pending_output_data_reg[10] was removed.  [E:/zcu104_vivado/gftmpl/gestureflow_src/gestureflow_output_bank_pool_relay_loader.sv:115]
WARNING: [Synth 8-6014] Unused sequential element pending_output_data_reg[9] was removed.  [E:/zcu104_vivado/gftmpl/gestureflow_src/gestureflow_output_bank_pool_relay_loader.sv:115]
WARNING: [Synth 8-6014] Unused sequential element pending_output_data_reg[8] was removed.  [E:/zcu104_vivado/gftmpl/gestureflow_src/gestureflow_output_bank_pool_relay_loader.sv:115]
WARNING: [Synth 8-6014] Unused sequential element pending_output_data_reg[7] was removed.  [E:/zcu104_vivado/gftmpl/gestureflow_src/gestureflow_output_bank_pool_relay_loader.sv:115]
WARNING: [Synth 8-6014] Unused sequential element pending_output_data_reg[6] was removed.  [E:/zcu104_vivado/gftmpl/gestureflow_src/gestureflow_output_bank_pool_relay_loader.sv:115]
WARNING: [Synth 8-6014] Unused sequential element pending_output_data_reg[5] was removed.  [E:/zcu104_vivado/gftmpl/gestureflow_src/gestureflow_output_bank_pool_relay_loader.sv:115]
WARNING: [Synth 8-6014] Unused sequential element pending_output_data_reg[4] was removed.  [E:/zcu104_vivado/gftmpl/gestureflow_src/gestureflow_output_bank_pool_relay_loader.sv:115]
WARNING: [Synth 8-6014] Unused sequential element pending_output_data_reg[3] was removed.  [E:/zcu104_vivado/gftmpl/gestureflow_src/gestureflow_output_bank_pool_relay_loader.sv:115]
WARNING: [Synth 8-6014] Unused sequential element pending_output_data_reg[2] was removed.  [E:/zcu104_vivado/gftmpl/gestureflow_src/gestureflow_output_bank_pool_relay_loader.sv:115]
WARNING: [Synth 8-6014] Unused sequential element pending_output_data_reg[1] was removed.  [E:/zcu104_vivado/gftmpl/gestureflow_src/gestureflow_output_bank_pool_relay_loader.sv:115]
WARNING: [Synth 8-6014] Unused sequential element pending_output_data_reg[0] was removed.  [E:/zcu104_vivado/gftmpl/gestureflow_src/gestureflow_output_bank_pool_relay_loader.sv:115]
WARNING: [Synth 8-3936] Found unconnected internal register 'padded_height_reg' and it is trimmed from '16' to '7' bits. [E:/zcu104_vivado/gftmpl/gestureflow_src/gestureflow_same4x4_cin_window.sv:59]
WARNING: [Synth 8-3936] Found unconnected internal register 'input_lane_enable_s1_padded_reg' and it is trimmed from '8' to '7' bits. [E:/zcu104_vivado/gftmpl/gestureflow_src/gestureflow_mac_tile_dmp.sv:170]
WARNING: [Synth 8-3936] Found unconnected internal register 'pool_read_address_reg' and it is trimmed from '32' to '14' bits. [E:/zcu104_vivado/gftmpl/gestureflow_src/gestureflow_hp0_tensor_writer.sv:151]
WARNING: [Synth 8-3936] Found unconnected internal register 'effective_valid_beats_reg' and it is trimmed from '32' to '8' bits. [E:/zcu104_vivado/gftmpl/gestureflow_src/gestureflow_hp0_tensor_writer.sv:140]
WARNING: [Synth 8-6014] Unused sequential element burst_base_index_reg was removed.  [E:/zcu104_vivado/gftmpl/gestureflow_src/gestureflow_hp0_stream_writer.sv:121]
WARNING: [Synth 8-6014] Unused sequential element post_start_reg was removed.  [E:/zcu104_vivado/gftmpl/gestureflow_src/gestureflow_layer_chain_dmp_hp0_axil.sv:822]
WARNING: [Synth 8-6014] Unused sequential element post_clear_reg was removed.  [E:/zcu104_vivado/gftmpl/gestureflow_src/gestureflow_layer_chain_dmp_hp0_axil.sv:822]
WARNING: [Synth 8-6014] Unused sequential element ps_fc_weight_write_valid_reg was removed.  [E:/zcu104_vivado/gftmpl/gestureflow_src/gestureflow_layer_chain_dmp_hp0_axil.sv:391]
WARNING: [Synth 8-6014] Unused sequential element ps_weight_write_oc_reg was removed.  [E:/zcu104_vivado/gftmpl/gestureflow_src/gestureflow_layer_chain_dmp_hp0_axil.sv:829]
WARNING: [Synth 8-6014] Unused sequential element ps_weight_write_ic_group_reg was removed.  [E:/zcu104_vivado/gftmpl/gestureflow_src/gestureflow_layer_chain_dmp_hp0_axil.sv:829]
WARNING: [Synth 8-6014] Unused sequential element ps_weight_write_data_reg[3] was removed.  [E:/zcu104_vivado/gftmpl/gestureflow_src/gestureflow_layer_chain_dmp_hp0_axil.sv:829]
WARNING: [Synth 8-6014] Unused sequential element ps_weight_write_data_reg[2] was removed.  [E:/zcu104_vivado/gftmpl/gestureflow_src/gestureflow_layer_chain_dmp_hp0_axil.sv:829]
WARNING: [Synth 8-6014] Unused sequential element ps_weight_write_data_reg[1] was removed.  [E:/zcu104_vivado/gftmpl/gestureflow_src/gestureflow_layer_chain_dmp_hp0_axil.sv:829]
WARNING: [Synth 8-6014] Unused sequential element ps_weight_write_data_reg[0] was removed.  [E:/zcu104_vivado/gftmpl/gestureflow_src/gestureflow_layer_chain_dmp_hp0_axil.sv:829]
WARNING: [Synth 8-6014] Unused sequential element bias_reg[17] was removed.  [E:/zcu104_vivado/gftmpl/gestureflow_src/gestureflow_layer_chain_dmp_hp0_axil.sv:645]
WARNING: [Synth 8-6014] Unused sequential element bias_reg[16] was removed.  [E:/zcu104_vivado/gftmpl/gestureflow_src/gestureflow_layer_chain_dmp_hp0_axil.sv:645]
WARNING: [Synth 8-6014] Unused sequential element requant_multiplier_reg[17] was removed.  [E:/zcu104_vivado/gftmpl/gestureflow_src/gestureflow_layer_chain_dmp_hp0_axil.sv:653]
WARNING: [Synth 8-6014] Unused sequential element requant_multiplier_reg[16] was removed.  [E:/zcu104_vivado/gftmpl/gestureflow_src/gestureflow_layer_chain_dmp_hp0_axil.sv:653]
WARNING: [Synth 8-6014] Unused sequential element requant_right_shift_reg[17] was removed.  [E:/zcu104_vivado/gftmpl/gestureflow_src/gestureflow_layer_chain_dmp_hp0_axil.sv:653]
WARNING: [Synth 8-6014] Unused sequential element requant_right_shift_reg[16] was removed.  [E:/zcu104_vivado/gftmpl/gestureflow_src/gestureflow_layer_chain_dmp_hp0_axil.sv:653]
WARNING: [Synth 8-6014] Unused sequential element bias_bank_reg[0][16] was removed.  [E:/zcu104_vivado/gftmpl/gestureflow_src/gestureflow_layer_chain_dmp_hp0_axil.sv:843]
WARNING: [Synth 8-6014] Unused sequential element bias_bank_reg[0][17] was removed.  [E:/zcu104_vivado/gftmpl/gestureflow_src/gestureflow_layer_chain_dmp_hp0_axil.sv:843]
WARNING: [Synth 8-6014] Unused sequential element bias_bank_reg[1][16] was removed.  [E:/zcu104_vivado/gftmpl/gestureflow_src/gestureflow_layer_chain_dmp_hp0_axil.sv:843]
WARNING: [Synth 8-6014] Unused sequential element bias_bank_reg[1][17] was removed.  [E:/zcu104_vivado/gftmpl/gestureflow_src/gestureflow_layer_chain_dmp_hp0_axil.sv:843]
WARNING: [Synth 8-6014] Unused sequential element requant_multiplier_bank_reg[0][16] was removed.  [E:/zcu104_vivado/gftmpl/gestureflow_src/gestureflow_layer_chain_dmp_hp0_axil.sv:844]
WARNING: [Synth 8-6014] Unused sequential element requant_multiplier_bank_reg[0][17] was removed.  [E:/zcu104_vivado/gftmpl/gestureflow_src/gestureflow_layer_chain_dmp_hp0_axil.sv:844]
WARNING: [Synth 8-6014] Unused sequential element requant_multiplier_bank_reg[1][16] was removed.  [E:/zcu104_vivado/gftmpl/gestureflow_src/gestureflow_layer_chain_dmp_hp0_axil.sv:844]
WARNING: [Synth 8-6014] Unused sequential element requant_multiplier_bank_reg[1][17] was removed.  [E:/zcu104_vivado/gftmpl/gestureflow_src/gestureflow_layer_chain_dmp_hp0_axil.sv:844]
WARNING: [Synth 8-6014] Unused sequential element requant_right_shift_bank_reg[0][16] was removed.  [E:/zcu104_vivado/gftmpl/gestureflow_src/gestureflow_layer_chain_dmp_hp0_axil.sv:845]
WARNING: [Synth 8-6014] Unused sequential element requant_right_shift_bank_reg[0][17] was removed.  [E:/zcu104_vivado/gftmpl/gestureflow_src/gestureflow_layer_chain_dmp_hp0_axil.sv:845]
WARNING: [Synth 8-6014] Unused sequential element requant_right_shift_bank_reg[1][16] was removed.  [E:/zcu104_vivado/gftmpl/gestureflow_src/gestureflow_layer_chain_dmp_hp0_axil.sv:845]
WARNING: [Synth 8-6014] Unused sequential element requant_right_shift_bank_reg[1][17] was removed.  [E:/zcu104_vivado/gftmpl/gestureflow_src/gestureflow_layer_chain_dmp_hp0_axil.sv:845]
WARNING: [Synth 8-6014] Unused sequential element fault_source_reg was removed.  [E:/zcu104_vivado/gftmpl/gestureflow_src/gestureflow_layer_chain_dmp_hp0_axil.sv:927]
WARNING: [Synth 8-6014] Unused sequential element store_clear_reg was removed.  [E:/zcu104_vivado/gftmpl/gestureflow_src/gestureflow_layer_chain_dmp_hp0_axil.sv:743]
WARNING: [Synth 8-7129] Port frame_width[15] in module gestureflow_line_window_vector is either unconnected or has no load
WARNING: [Synth 8-7129] Port frame_width[14] in module gestureflow_line_window_vector is either unconnected or has no load
WARNING: [Synth 8-7129] Port frame_width[13] in module gestureflow_line_window_vector is either unconnected or has no load
WARNING: [Synth 8-7129] Port frame_width[12] in module gestureflow_line_window_vector is either unconnected or has no load
WARNING: [Synth 8-7129] Port frame_width[11] in module gestureflow_line_window_vector is either unconnected or has no load
WARNING: [Synth 8-7129] Port frame_width[10] in module gestureflow_line_window_vector is either unconnected or has no load
WARNING: [Synth 8-7129] Port frame_width[9] in module gestureflow_line_window_vector is either unconnected or has no load
WARNING: [Synth 8-7129] Port frame_width[8] in module gestureflow_line_window_vector is either unconnected or has no load
WARNING: [Synth 8-7129] Port frame_width[7] in module gestureflow_line_window_vector is either unconnected or has no load
WARNING: [Synth 8-7129] Port image_height[15] in module gestureflow_same4x4_cin_window is either unconnected or has no load
WARNING: [Synth 8-7129] Port image_height[14] in module gestureflow_same4x4_cin_window is either unconnected or has no load
WARNING: [Synth 8-7129] Port image_height[13] in module gestureflow_same4x4_cin_window is either unconnected or has no load
WARNING: [Synth 8-7129] Port image_height[12] in module gestureflow_same4x4_cin_window is either unconnected or has no load
WARNING: [Synth 8-7129] Port image_height[11] in module gestureflow_same4x4_cin_window is either unconnected or has no load
WARNING: [Synth 8-7129] Port image_height[10] in module gestureflow_same4x4_cin_window is either unconnected or has no load
WARNING: [Synth 8-7129] Port image_height[9] in module gestureflow_same4x4_cin_window is either unconnected or has no load
WARNING: [Synth 8-7129] Port image_height[8] in module gestureflow_same4x4_cin_window is either unconnected or has no load
WARNING: [Synth 8-7129] Port image_height[7] in module gestureflow_same4x4_cin_window is either unconnected or has no load
WARNING: [Synth 8-7129] Port input_group_count[4] in module gestureflow_conv4x4_cin_same_stream_dmp is either unconnected or has no load
WARNING: [Synth 8-7129] Port input_group_count[3] in module gestureflow_conv4x4_cin_same_stream_dmp is either unconnected or has no load
WARNING: [Synth 8-7129] Port input_group_count[2] in module gestureflow_conv4x4_cin_same_stream_dmp is either unconnected or has no load
WARNING: [Synth 8-7129] Port input_group_count[1] in module gestureflow_conv4x4_cin_same_stream_dmp is either unconnected or has no load
WARNING: [Synth 8-7129] Port s_axi_awprot[2] in module gestureflow_layer_chain_dmp_hp0_axil is either unconnected or has no load
WARNING: [Synth 8-7129] Port s_axi_awprot[1] in module gestureflow_layer_chain_dmp_hp0_axil is either unconnected or has no load
WARNING: [Synth 8-7129] Port s_axi_awprot[0] in module gestureflow_layer_chain_dmp_hp0_axil is either unconnected or has no load
WARNING: [Synth 8-7129] Port s_axi_araddr[31] in module gestureflow_layer_chain_dmp_hp0_axil is either unconnected or has no load
WARNING: [Synth 8-7129] Port s_axi_araddr[30] in module gestureflow_layer_chain_dmp_hp0_axil is either unconnected or has no load
WARNING: [Synth 8-7129] Port s_axi_araddr[29] in module gestureflow_layer_chain_dmp_hp0_axil is either unconnected or has no load
WARNING: [Synth 8-7129] Port s_axi_araddr[28] in module gestureflow_layer_chain_dmp_hp0_axil is either unconnected or has no load
WARNING: [Synth 8-7129] Port s_axi_araddr[27] in module gestureflow_layer_chain_dmp_hp0_axil is either unconnected or has no load
WARNING: [Synth 8-7129] Port s_axi_araddr[26] in module gestureflow_layer_chain_dmp_hp0_axil is either unconnected or has no load
WARNING: [Synth 8-7129] Port s_axi_araddr[25] in module gestureflow_layer_chain_dmp_hp0_axil is either unconnected or has no load
WARNING: [Synth 8-7129] Port s_axi_araddr[24] in module gestureflow_layer_chain_dmp_hp0_axil is either unconnected or has no load
WARNING: [Synth 8-7129] Port s_axi_araddr[23] in module gestureflow_layer_chain_dmp_hp0_axil is either unconnected or has no load
WARNING: [Synth 8-7129] Port s_axi_araddr[22] in module gestureflow_layer_chain_dmp_hp0_axil is either unconnected or has no load
WARNING: [Synth 8-7129] Port s_axi_araddr[21] in module gestureflow_layer_chain_dmp_hp0_axil is either unconnected or has no load
WARNING: [Synth 8-7129] Port s_axi_araddr[20] in module gestureflow_layer_chain_dmp_hp0_axil is either unconnected or has no load
WARNING: [Synth 8-7129] Port s_axi_araddr[19] in module gestureflow_layer_chain_dmp_hp0_axil is either unconnected or has no load
WARNING: [Synth 8-7129] Port s_axi_araddr[18] in module gestureflow_layer_chain_dmp_hp0_axil is either unconnected or has no load
WARNING: [Synth 8-7129] Port s_axi_araddr[17] in module gestureflow_layer_chain_dmp_hp0_axil is either unconnected or has no load
WARNING: [Synth 8-7129] Port s_axi_araddr[16] in module gestureflow_layer_chain_dmp_hp0_axil is either unconnected or has no load
WARNING: [Synth 8-7129] Port s_axi_araddr[15] in module gestureflow_layer_chain_dmp_hp0_axil is either unconnected or has no load
WARNING: [Synth 8-7129] Port s_axi_araddr[14] in module gestureflow_layer_chain_dmp_hp0_axil is either unconnected or has no load
WARNING: [Synth 8-7129] Port s_axi_araddr[13] in module gestureflow_layer_chain_dmp_hp0_axil is either unconnected or has no load
WARNING: [Synth 8-7129] Port s_axi_araddr[12] in module gestureflow_layer_chain_dmp_hp0_axil is either unconnected or has no load
WARNING: [Synth 8-7129] Port s_axi_arprot[2] in module gestureflow_layer_chain_dmp_hp0_axil is either unconnected or has no load
WARNING: [Synth 8-7129] Port s_axi_arprot[1] in module gestureflow_layer_chain_dmp_hp0_axil is either unconnected or has no load
WARNING: [Synth 8-7129] Port s_axi_arprot[0] in module gestureflow_layer_chain_dmp_hp0_axil is either unconnected or has no load
---------------------------------------------------------------------------------
Finished Synthesize : Time (s): cpu = 00:00:05 ; elapsed = 00:00:11 . Memory (MB): peak = 1363.594 ; gain = 867.992
---------------------------------------------------------------------------------
---------------------------------------------------------------------------------
Finished Constraint Validation : Time (s): cpu = 00:00:06 ; elapsed = 00:00:12 . Memory (MB): peak = 1363.594 ; gain = 867.992
---------------------------------------------------------------------------------
---------------------------------------------------------------------------------
Start Loading Part and Timing Information
---------------------------------------------------------------------------------
Loading part: xczu7ev-ffvc1156-2-e
INFO: [Synth 8-6742] Reading net delay rules and data
INFO: [Synth 8-5555] Implemented Block Ram Cascade chain of height 4 and width 36 for RAM "gestureflow_output_bank_slice:/storage_reg"
INFO: [Synth 8-5555] Implemented Block Ram Cascade chain of height 4 and width 36 for RAM "gestureflow_output_bank_slice:/storage_reg"
INFO: [Synth 8-5555] Implemented Block Ram Cascade chain of height 4 and width 36 for RAM "gestureflow_output_bank_slice:/storage_reg"
INFO: [Synth 8-5555] Implemented Block Ram Cascade chain of height 2 and width 18 for RAM "gestureflow_output_bank_slice:/storage_reg"
INFO: [Synth 8-7030] Implemented Non-Cascaded Block Ram (cascade_height = 1) of width 2 for RAM "gestureflow_output_bank_slice:/storage_reg"
INFO: [Synth 8-6904] The RAM "gestureflow_hp0_tensor_loader_banked:/beat_fifo_reg" of size (depth=16 x width=64) is automatically implemented using LUTRAM. BRAM implementation would be inefficient 
INFO: [Synth 8-6904] The RAM "gestureflow_hp0_weight_dma_loader_dmp:/beat_fifo_reg" of size (depth=16 x width=64) is automatically implemented using LUTRAM. BRAM implementation would be inefficient 
---------------------------------------------------------------------------------------------------
                   State |                     New Encoding |                Previous Encoding 
---------------------------------------------------------------------------------------------------
                    IDLE |                           000001 |                              000
              ISSUE_READ |                           000100 |                              001
            CAPTURE_READ |                           100000 |                              010
                ISSUE_AW |                           010000 |                              011
                  SEND_W |                           001000 |                              100
                  WAIT_B |                           000010 |                              101
---------------------------------------------------------------------------------------------------
INFO: [Synth 8-3354] encoded FSM with state register 'state_reg' using encoding 'one-hot' in module 'gestureflow_hp0_tensor_writer'
---------------------------------------------------------------------------------------------------
                   State |                     New Encoding |                Previous Encoding 
---------------------------------------------------------------------------------------------------
                    IDLE |                            00001 |                              000
                 COLLECT |                            00100 |                              001
                ISSUE_AW |                            10000 |                              010
                  SEND_W |                            01000 |                              011
                  WAIT_B |                            00010 |                              100
---------------------------------------------------------------------------------------------------
INFO: [Synth 8-3354] encoded FSM with state register 'state_reg' using encoding 'one-hot' in module 'gestureflow_hp0_stream_writer'
---------------------------------------------------------------------------------
Finished RTL Optimization Phase 2 : Time (s): cpu = 00:00:22 ; elapsed = 00:00:41 . Memory (MB): peak = 2211.473 ; gain = 1715.871
---------------------------------------------------------------------------------
No constraint files found.
---------------------------------------------------------------------------------
Start RTL Component Statistics 
---------------------------------------------------------------------------------
Detailed RTL Component Info : 
+---Adders : 
	   2 Input   64 Bit       Adders := 4     
	   3 Input   33 Bit       Adders := 4     
	   2 Input   32 Bit       Adders := 45    
	   3 Input   32 Bit       Adders := 17    
	   4 Input   32 Bit       Adders := 1     
	   2 Input   19 Bit       Adders := 16    
	   2 Input   18 Bit       Adders := 32    
	   2 Input   17 Bit       Adders := 32    
	   2 Input   16 Bit       Adders := 14    
	   2 Input   15 Bit       Adders := 1     
	   2 Input   14 Bit       Adders := 26    
	   4 Input   14 Bit       Adders := 1     
	   2 Input   12 Bit       Adders := 4     
	   2 Input   11 Bit       Adders := 2     
	   2 Input   10 Bit       Adders := 1     
	   3 Input    8 Bit       Adders := 2     
	   2 Input    8 Bit       Adders := 6     
	   2 Input    7 Bit       Adders := 12    
	   2 Input    6 Bit       Adders := 2     
	   2 Input    5 Bit       Adders := 10    
	   2 Input    4 Bit       Adders := 10    
	   4 Input    4 Bit       Adders := 1     
	   3 Input    4 Bit       Adders := 1     
	   2 Input    3 Bit       Adders := 13    
	   2 Input    2 Bit       Adders := 9     
	   2 Input    1 Bit       Adders := 4     
+---XORs : 
	   2 Input     32 Bit         XORs := 2     
	   2 Input      8 Bit         XORs := 8     
+---Registers : 
	              192 Bit    Registers := 11    
	              128 Bit    Registers := 62    
	               64 Bit    Registers := 4     
	               32 Bit    Registers := 261   
	               19 Bit    Registers := 16    
	               18 Bit    Registers := 32    
	               17 Bit    Registers := 33    
	               16 Bit    Registers := 43    
	               14 Bit    Registers := 17    
	               12 Bit    Registers := 1     
	                8 Bit    Registers := 488   
	                7 Bit    Registers := 6     
	                6 Bit    Registers := 88    
	                5 Bit    Registers := 18    
	                4 Bit    Registers := 18    
	                3 Bit    Registers := 19    
	                2 Bit    Registers := 28    
	                1 Bit    Registers := 129   
+---Multipliers : 
	              32x32  Multipliers := 4     
	              25x32  Multipliers := 2     
	               3x32  Multipliers := 1     
+---RAMs : 
	             512K Bit	(4096 X 128 bit)          RAMs := 8     
	              16K Bit	(128 X 128 bit)          RAMs := 3     
	              12K Bit	(64 X 192 bit)          RAMs := 8     
	             1024 Bit	(16 X 64 bit)          RAMs := 2     
+---Muxes : 
	   2 Input  192 Bit        Muxes := 9     
	   3 Input  192 Bit        Muxes := 1     
	   8 Input  192 Bit        Muxes := 2     
	   2 Input  128 Bit        Muxes := 17    
	   4 Input  128 Bit        Muxes := 5     
	   2 Input   64 Bit        Muxes := 5     
	   4 Input   64 Bit        Muxes := 1     
	  16 Input   64 Bit        Muxes := 1     
	   2 Input   32 Bit        Muxes := 443   
	   6 Input   32 Bit        Muxes := 7     
	   8 Input   32 Bit        Muxes := 5     
	   4 Input   32 Bit        Muxes := 16    
	   5 Input   32 Bit        Muxes := 1     
	   2 Input   29 Bit        Muxes := 3     
	   2 Input   19 Bit        Muxes := 16    
	   4 Input   18 Bit        Muxes := 1     
	   2 Input   17 Bit        Muxes := 1     
	   4 Input   17 Bit        Muxes := 1     
	   2 Input   16 Bit        Muxes := 27    
	   4 Input   16 Bit        Muxes := 9     
	   6 Input   16 Bit        Muxes := 1     
	   2 Input   15 Bit        Muxes := 4     
	   2 Input   14 Bit        Muxes := 23    
	   5 Input   14 Bit        Muxes := 3     
	   4 Input   14 Bit        Muxes := 4     
	   6 Input   14 Bit        Muxes := 2     
	   2 Input   13 Bit        Muxes := 1     
	   2 Input   12 Bit        Muxes := 1     
	   2 Input   11 Bit        Muxes := 1     
	   2 Input    8 Bit        Muxes := 410   
	   4 Input    8 Bit        Muxes := 37    
	   2 Input    7 Bit        Muxes := 1     
	   2 Input    6 Bit        Muxes := 142   
	   8 Input    6 Bit        Muxes := 1     
	   4 Input    6 Bit        Muxes := 4     
	   6 Input    6 Bit        Muxes := 1     
	   8 Input    5 Bit        Muxes := 2     
	   2 Input    5 Bit        Muxes := 14    
	   4 Input    5 Bit        Muxes := 4     
	   6 Input    5 Bit        Muxes := 1     
	   5 Input    5 Bit        Muxes := 1     
	   2 Input    4 Bit        Muxes := 28    
	   8 Input    4 Bit        Muxes := 3     
	   4 Input    4 Bit        Muxes := 4     
	  53 Input    4 Bit        Muxes := 2     
	   6 Input    4 Bit        Muxes := 2     
	   2 Input    3 Bit        Muxes := 28    
	   3 Input    3 Bit        Muxes := 4     
	   7 Input    3 Bit        Muxes := 1     
	   8 Input    3 Bit        Muxes := 3     
	   4 Input    3 Bit        Muxes := 4     
	  53 Input    3 Bit        Muxes := 1     
	   6 Input    3 Bit        Muxes := 2     
	   5 Input    3 Bit        Muxes := 2     
	   2 Input    2 Bit        Muxes := 10    
	  53 Input    2 Bit        Muxes := 1     
	   3 Input    2 Bit        Muxes := 4     
	   4 Input    2 Bit        Muxes := 7     
	   6 Input    2 Bit        Muxes := 1     
	   5 Input    2 Bit        Muxes := 1     
	   2 Input    1 Bit        Muxes := 822   
	   3 Input    1 Bit        Muxes := 8     
	   7 Input    1 Bit        Muxes := 10    
	   5 Input    1 Bit        Muxes := 16    
	   8 Input    1 Bit        Muxes := 21    
	   4 Input    1 Bit        Muxes := 55    
	  53 Input    1 Bit        Muxes := 1     
	  16 Input    1 Bit        Muxes := 2     
	   6 Input    1 Bit        Muxes := 27    
---------------------------------------------------------------------------------
Finished RTL Component Statistics 
---------------------------------------------------------------------------------
---------------------------------------------------------------------------------
Start Part Resource Summary
---------------------------------------------------------------------------------
Part Resources:
DSPs: 1728 (col length:144)
BRAMs: 624 (col length: RAMB18 144 RAMB36 72)
---------------------------------------------------------------------------------
Finished Part Resource Summary
---------------------------------------------------------------------------------
No constraint files found.
---------------------------------------------------------------------------------
Start Cross Boundary and Area Optimization
---------------------------------------------------------------------------------
DSP Report: Generating DSP output_write_addr, operation Mode is: C'+A2*B.
DSP Report: register quant_row_reg is absorbed into DSP output_write_addr.
DSP Report: register quant_column_reg is absorbed into DSP output_write_addr.
DSP Report: operator output_write_addr is absorbed into DSP output_write_addr.
DSP Report: operator output_write_addr0 is absorbed into DSP output_write_addr.
WARNING: [Synth 8-7129] Port s_axi_awprot[2] in module gestureflow_layer_chain_dmp_hp0_axil is either unconnected or has no load
WARNING: [Synth 8-7129] Port s_axi_awprot[1] in module gestureflow_layer_chain_dmp_hp0_axil is either unconnected or has no load
WARNING: [Synth 8-7129] Port s_axi_awprot[0] in module gestureflow_layer_chain_dmp_hp0_axil is either unconnected or has no load
WARNING: [Synth 8-7129] Port s_axi_araddr[31] in module gestureflow_layer_chain_dmp_hp0_axil is either unconnected or has no load
WARNING: [Synth 8-7129] Port s_axi_araddr[30] in module gestureflow_layer_chain_dmp_hp0_axil is either unconnected or has no load
WARNING: [Synth 8-7129] Port s_axi_araddr[29] in module gestureflow_layer_chain_dmp_hp0_axil is either unconnected or has no load
WARNING: [Synth 8-7129] Port s_axi_araddr[28] in module gestureflow_layer_chain_dmp_hp0_axil is either unconnected or has no load
WARNING: [Synth 8-7129] Port s_axi_araddr[27] in module gestureflow_layer_chain_dmp_hp0_axil is either unconnected or has no load
WARNING: [Synth 8-7129] Port s_axi_araddr[26] in module gestureflow_layer_chain_dmp_hp0_axil is either unconnected or has no load
WARNING: [Synth 8-7129] Port s_axi_araddr[25] in module gestureflow_layer_chain_dmp_hp0_axil is either unconnected or has no load
WARNING: [Synth 8-7129] Port s_axi_araddr[24] in module gestureflow_layer_chain_dmp_hp0_axil is either unconnected or has no load
WARNING: [Synth 8-7129] Port s_axi_araddr[23] in module gestureflow_layer_chain_dmp_hp0_axil is either unconnected or has no load
WARNING: [Synth 8-7129] Port s_axi_araddr[22] in module gestureflow_layer_chain_dmp_hp0_axil is either unconnected or has no load
WARNING: [Synth 8-7129] Port s_axi_araddr[21] in module gestureflow_layer_chain_dmp_hp0_axil is either unconnected or has no load
WARNING: [Synth 8-7129] Port s_axi_araddr[20] in module gestureflow_layer_chain_dmp_hp0_axil is either unconnected or has no load
WARNING: [Synth 8-7129] Port s_axi_araddr[19] in module gestureflow_layer_chain_dmp_hp0_axil is either unconnected or has no load
WARNING: [Synth 8-7129] Port s_axi_araddr[18] in module gestureflow_layer_chain_dmp_hp0_axil is either unconnected or has no load
WARNING: [Synth 8-7129] Port s_axi_araddr[17] in module gestureflow_layer_chain_dmp_hp0_axil is either unconnected or has no load
WARNING: [Synth 8-7129] Port s_axi_araddr[16] in module gestureflow_layer_chain_dmp_hp0_axil is either unconnected or has no load
WARNING: [Synth 8-7129] Port s_axi_araddr[15] in module gestureflow_layer_chain_dmp_hp0_axil is either unconnected or has no load
WARNING: [Synth 8-7129] Port s_axi_araddr[14] in module gestureflow_layer_chain_dmp_hp0_axil is either unconnected or has no load
WARNING: [Synth 8-7129] Port s_axi_araddr[13] in module gestureflow_layer_chain_dmp_hp0_axil is either unconnected or has no load
WARNING: [Synth 8-7129] Port s_axi_araddr[12] in module gestureflow_layer_chain_dmp_hp0_axil is either unconnected or has no load
WARNING: [Synth 8-7129] Port s_axi_arprot[2] in module gestureflow_layer_chain_dmp_hp0_axil is either unconnected or has no load
WARNING: [Synth 8-7129] Port s_axi_arprot[1] in module gestureflow_layer_chain_dmp_hp0_axil is either unconnected or has no load
WARNING: [Synth 8-7129] Port s_axi_arprot[0] in module gestureflow_layer_chain_dmp_hp0_axil is either unconnected or has no load
DSP Report: Generating DSP product_pipe_reg[7][7], operation Mode is: (A*B)'.
DSP Report: register product_pipe_reg[7][7] is absorbed into DSP product_pipe_reg[7][7].
DSP Report: operator p_0_out is absorbed into DSP product_pipe_reg[7][7].
DSP Report: Generating DSP product_pipe_reg[7][6], operation Mode is: (A*B)'.
DSP Report: register product_pipe_reg[7][6] is absorbed into DSP product_pipe_reg[7][6].
DSP Report: operator p_0_out is absorbed into DSP product_pipe_reg[7][6].
DSP Report: Generating DSP product_pipe_reg[7][5], operation Mode is: (A*B)'.
DSP Report: register product_pipe_reg[7][5] is absorbed into DSP product_pipe_reg[7][5].
DSP Report: operator p_0_out is absorbed into DSP product_pipe_reg[7][5].
DSP Report: Generating DSP product_pipe_reg[7][4], operation Mode is: (A*B)'.
DSP Report: register product_pipe_reg[7][4] is absorbed into DSP product_pipe_reg[7][4].
DSP Report: operator p_0_out is absorbed into DSP product_pipe_reg[7][4].
DSP Report: Generating DSP product_pipe_reg[7][3], operation Mode is: (A*B)'.
DSP Report: register product_pipe_reg[7][3] is absorbed into DSP product_pipe_reg[7][3].
DSP Report: operator p_0_out is absorbed into DSP product_pipe_reg[7][3].
DSP Report: Generating DSP product_pipe_reg[7][2], operation Mode is: (A*B)'.
DSP Report: register product_pipe_reg[7][2] is absorbed into DSP product_pipe_reg[7][2].
DSP Report: operator p_0_out is absorbed into DSP product_pipe_reg[7][2].
DSP Report: Generating DSP product_pipe_reg[7][1], operation Mode is: (A*B)'.
DSP Report: register product_pipe_reg[7][1] is absorbed into DSP product_pipe_reg[7][1].
DSP Report: operator p_0_out is absorbed into DSP product_pipe_reg[7][1].
DSP Report: Generating DSP product_pipe_reg[7][0], operation Mode is: (A*B)'.
DSP Report: register product_pipe_reg[7][0] is absorbed into DSP product_pipe_reg[7][0].
DSP Report: operator p_0_out is absorbed into DSP product_pipe_reg[7][0].
DSP Report: Generating DSP pair_sum_low_pipe_reg[7][3], operation Mode is: (C+(A:0x0):B)'.
DSP Report: register pair_sum_low_pipe_reg[7][3] is absorbed into DSP pair_sum_low_pipe_reg[7][3].
DSP Report: operator p_21_out is absorbed into DSP pair_sum_low_pipe_reg[7][3].
DSP Report: Generating DSP pair_sum_low_pipe_reg[7][2], operation Mode is: (C+(A:0x0):B)'.
DSP Report: register pair_sum_low_pipe_reg[7][2] is absorbed into DSP pair_sum_low_pipe_reg[7][2].
DSP Report: operator p_18_out is absorbed into DSP pair_sum_low_pipe_reg[7][2].
DSP Report: Generating DSP pair_sum_low_pipe_reg[7][1], operation Mode is: (C+(A:0x0):B)'.
DSP Report: register pair_sum_low_pipe_reg[7][1] is absorbed into DSP pair_sum_low_pipe_reg[7][1].
DSP Report: operator p_15_out is absorbed into DSP pair_sum_low_pipe_reg[7][1].
DSP Report: Generating DSP pair_sum_low_pipe_reg[7][0], operation Mode is: (C+(A:0x0):B)'.
DSP Report: register pair_sum_low_pipe_reg[7][0] is absorbed into DSP pair_sum_low_pipe_reg[7][0].
DSP Report: operator p_12_out is absorbed into DSP pair_sum_low_pipe_reg[7][0].
DSP Report: Generating DSP product_pipe_reg[6][7], operation Mode is: (A*B)'.
DSP Report: register product_pipe_reg[6][7] is absorbed into DSP product_pipe_reg[6][7].
DSP Report: operator p_0_out is absorbed into DSP product_pipe_reg[6][7].
DSP Report: Generating DSP product_pipe_reg[6][6], operation Mode is: (A*B)'.
DSP Report: register product_pipe_reg[6][6] is absorbed into DSP product_pipe_reg[6][6].
DSP Report: operator p_0_out is absorbed into DSP product_pipe_reg[6][6].
DSP Report: Generating DSP product_pipe_reg[6][5], operation Mode is: (A*B)'.
DSP Report: register product_pipe_reg[6][5] is absorbed into DSP product_pipe_reg[6][5].
DSP Report: operator p_0_out is absorbed into DSP product_pipe_reg[6][5].
DSP Report: Generating DSP product_pipe_reg[6][4], operation Mode is: (A*B)'.
DSP Report: register product_pipe_reg[6][4] is absorbed into DSP product_pipe_reg[6][4].
DSP Report: operator p_0_out is absorbed into DSP product_pipe_reg[6][4].
DSP Report: Generating DSP product_pipe_reg[6][3], operation Mode is: (A*B)'.
DSP Report: register product_pipe_reg[6][3] is absorbed into DSP product_pipe_reg[6][3].
DSP Report: operator p_0_out is absorbed into DSP product_pipe_reg[6][3].
DSP Report: Generating DSP product_pipe_reg[6][2], operation Mode is: (A*B)'.
DSP Report: register product_pipe_reg[6][2] is absorbed into DSP product_pipe_reg[6][2].
DSP Report: operator p_0_out is absorbed into DSP product_pipe_reg[6][2].
DSP Report: Generating DSP product_pipe_reg[6][1], operation Mode is: (A*B)'.
DSP Report: register product_pipe_reg[6][1] is absorbed into DSP product_pipe_reg[6][1].
DSP Report: operator p_0_out is absorbed into DSP product_pipe_reg[6][1].
DSP Report: Generating DSP product_pipe_reg[6][0], operation Mode is: (A*B)'.
DSP Report: register product_pipe_reg[6][0] is absorbed into DSP product_pipe_reg[6][0].
DSP Report: operator p_0_out is absorbed into DSP product_pipe_reg[6][0].
DSP Report: Generating DSP pair_sum_low_pipe_reg[6][3], operation Mode is: (C+(A:0x0):B)'.
DSP Report: register pair_sum_low_pipe_reg[6][3] is absorbed into DSP pair_sum_low_pipe_reg[6][3].
DSP Report: operator p_45_out is absorbed into DSP pair_sum_low_pipe_reg[6][3].
DSP Report: Generating DSP pair_sum_low_pipe_reg[6][2], operation Mode is: (C+(A:0x0):B)'.
DSP Report: register pair_sum_low_pipe_reg[6][2] is absorbed into DSP pair_sum_low_pipe_reg[6][2].
DSP Report: operator p_42_out is absorbed into DSP pair_sum_low_pipe_reg[6][2].
DSP Report: Generating DSP pair_sum_low_pipe_reg[6][1], operation Mode is: (C+(A:0x0):B)'.
DSP Report: register pair_sum_low_pipe_reg[6][1] is absorbed into DSP pair_sum_low_pipe_reg[6][1].
DSP Report: operator p_39_out is absorbed into DSP pair_sum_low_pipe_reg[6][1].
DSP Report: Generating DSP pair_sum_low_pipe_reg[6][0], operation Mode is: (C+(A:0x0):B)'.
DSP Report: register pair_sum_low_pipe_reg[6][0] is absorbed into DSP pair_sum_low_pipe_reg[6][0].
DSP Report: operator p_36_out is absorbed into DSP pair_sum_low_pipe_reg[6][0].
DSP Report: Generating DSP product_pipe_reg[5][7], operation Mode is: (A*B)'.
DSP Report: register product_pipe_reg[5][7] is absorbed into DSP product_pipe_reg[5][7].
DSP Report: operator p_0_out is absorbed into DSP product_pipe_reg[5][7].
DSP Report: Generating DSP product_pipe_reg[5][6], operation Mode is: (A*B)'.
DSP Report: register product_pipe_reg[5][6] is absorbed into DSP product_pipe_reg[5][6].
DSP Report: operator p_0_out is absorbed into DSP product_pipe_reg[5][6].
DSP Report: Generating DSP product_pipe_reg[5][5], operation Mode is: (A*B)'.
DSP Report: register product_pipe_reg[5][5] is absorbed into DSP product_pipe_reg[5][5].
DSP Report: operator p_0_out is absorbed into DSP product_pipe_reg[5][5].
DSP Report: Generating DSP product_pipe_reg[5][4], operation Mode is: (A*B)'.
DSP Report: register product_pipe_reg[5][4] is absorbed into DSP product_pipe_reg[5][4].
DSP Report: operator p_0_out is absorbed into DSP product_pipe_reg[5][4].
DSP Report: Generating DSP product_pipe_reg[5][3], operation Mode is: (A*B)'.
DSP Report: register product_pipe_reg[5][3] is absorbed into DSP product_pipe_reg[5][3].
DSP Report: operator p_0_out is absorbed into DSP product_pipe_reg[5][3].
DSP Report: Generating DSP product_pipe_reg[5][2], operation Mode is: (A*B)'.
DSP Report: register product_pipe_reg[5][2] is absorbed into DSP product_pipe_reg[5][2].
DSP Report: operator p_0_out is absorbed into DSP product_pipe_reg[5][2].
DSP Report: Generating DSP product_pipe_reg[5][1], operation Mode is: (A*B)'.
DSP Report: register product_pipe_reg[5][1] is absorbed into DSP product_pipe_reg[5][1].
DSP Report: operator p_0_out is absorbed into DSP product_pipe_reg[5][1].
DSP Report: Generating DSP product_pipe_reg[5][0], operation Mode is: (A*B)'.
DSP Report: register product_pipe_reg[5][0] is absorbed into DSP product_pipe_reg[5][0].
DSP Report: operator p_0_out is absorbed into DSP product_pipe_reg[5][0].
DSP Report: Generating DSP pair_sum_low_pipe_reg[5][3], operation Mode is: (C+(A:0x0):B)'.
DSP Report: register pair_sum_low_pipe_reg[5][3] is absorbed into DSP pair_sum_low_pipe_reg[5][3].
DSP Report: operator p_69_out is absorbed into DSP pair_sum_low_pipe_reg[5][3].
DSP Report: Generating DSP pair_sum_low_pipe_reg[5][2], operation Mode is: (C+(A:0x0):B)'.
DSP Report: register pair_sum_low_pipe_reg[5][2] is absorbed into DSP pair_sum_low_pipe_reg[5][2].
DSP Report: operator p_66_out is absorbed into DSP pair_sum_low_pipe_reg[5][2].
DSP Report: Generating DSP pair_sum_low_pipe_reg[5][1], operation Mode is: (C+(A:0x0):B)'.
DSP Report: register pair_sum_low_pipe_reg[5][1] is absorbed into DSP pair_sum_low_pipe_reg[5][1].
DSP Report: operator p_63_out is absorbed into DSP pair_sum_low_pipe_reg[5][1].
DSP Report: Generating DSP pair_sum_low_pipe_reg[5][0], operation Mode is: (C+(A:0x0):B)'.
DSP Report: register pair_sum_low_pipe_reg[5][0] is absorbed into DSP pair_sum_low_pipe_reg[5][0].
DSP Report: operator p_60_out is absorbed into DSP pair_sum_low_pipe_reg[5][0].
DSP Report: Generating DSP product_pipe_reg[4][7], operation Mode is: (A*B)'.
DSP Report: register product_pipe_reg[4][7] is absorbed into DSP product_pipe_reg[4][7].
DSP Report: operator p_0_out is absorbed into DSP product_pipe_reg[4][7].
DSP Report: Generating DSP product_pipe_reg[4][6], operation Mode is: (A*B)'.
DSP Report: register product_pipe_reg[4][6] is absorbed into DSP product_pipe_reg[4][6].
DSP Report: operator p_0_out is absorbed into DSP product_pipe_reg[4][6].
DSP Report: Generating DSP product_pipe_reg[4][5], operation Mode is: (A*B)'.
DSP Report: register product_pipe_reg[4][5] is absorbed into DSP product_pipe_reg[4][5].
DSP Report: operator p_0_out is absorbed into DSP product_pipe_reg[4][5].
DSP Report: Generating DSP product_pipe_reg[4][4], operation Mode is: (A*B)'.
DSP Report: register product_pipe_reg[4][4] is absorbed into DSP product_pipe_reg[4][4].
DSP Report: operator p_0_out is absorbed into DSP product_pipe_reg[4][4].
DSP Report: Generating DSP product_pipe_reg[4][3], operation Mode is: (A*B)'.
DSP Report: register product_pipe_reg[4][3] is absorbed into DSP product_pipe_reg[4][3].
DSP Report: operator p_0_out is absorbed into DSP product_pipe_reg[4][3].
DSP Report: Generating DSP product_pipe_reg[4][2], operation Mode is: (A*B)'.
DSP Report: register product_pipe_reg[4][2] is absorbed into DSP product_pipe_reg[4][2].
DSP Report: operator p_0_out is absorbed into DSP product_pipe_reg[4][2].
DSP Report: Generating DSP product_pipe_reg[4][1], operation Mode is: (A*B)'.
DSP Report: register product_pipe_reg[4][1] is absorbed into DSP product_pipe_reg[4][1].
DSP Report: operator p_0_out is absorbed into DSP product_pipe_reg[4][1].
DSP Report: Generating DSP product_pipe_reg[4][0], operation Mode is: (A*B)'.
DSP Report: register product_pipe_reg[4][0] is absorbed into DSP product_pipe_reg[4][0].
DSP Report: operator p_0_out is absorbed into DSP product_pipe_reg[4][0].
DSP Report: Generating DSP pair_sum_low_pipe_reg[4][3], operation Mode is: (C+(A:0x0):B)'.
DSP Report: register pair_sum_low_pipe_reg[4][3] is absorbed into DSP pair_sum_low_pipe_reg[4][3].
DSP Report: operator p_93_out is absorbed into DSP pair_sum_low_pipe_reg[4][3].
DSP Report: Generating DSP pair_sum_low_pipe_reg[4][2], operation Mode is: (C+(A:0x0):B)'.
DSP Report: register pair_sum_low_pipe_reg[4][2] is absorbed into DSP pair_sum_low_pipe_reg[4][2].
DSP Report: operator p_90_out is absorbed into DSP pair_sum_low_pipe_reg[4][2].
DSP Report: Generating DSP pair_sum_low_pipe_reg[4][1], operation Mode is: (C+(A:0x0):B)'.
DSP Report: register pair_sum_low_pipe_reg[4][1] is absorbed into DSP pair_sum_low_pipe_reg[4][1].
DSP Report: operator p_87_out is absorbed into DSP pair_sum_low_pipe_reg[4][1].
DSP Report: Generating DSP pair_sum_low_pipe_reg[4][0], operation Mode is: (C+(A:0x0):B)'.
DSP Report: register pair_sum_low_pipe_reg[4][0] is absorbed into DSP pair_sum_low_pipe_reg[4][0].
DSP Report: operator p_84_out is absorbed into DSP pair_sum_low_pipe_reg[4][0].
DSP Report: Generating DSP product_pipe_reg[3][7], operation Mode is: (A*B)'.
DSP Report: register product_pipe_reg[3][7] is absorbed into DSP product_pipe_reg[3][7].
DSP Report: operator p_0_out is absorbed into DSP product_pipe_reg[3][7].
DSP Report: Generating DSP product_pipe_reg[3][6], operation Mode is: (A*B)'.
DSP Report: register product_pipe_reg[3][6] is absorbed into DSP product_pipe_reg[3][6].
DSP Report: operator p_0_out is absorbed into DSP product_pipe_reg[3][6].
DSP Report: Generating DSP product_pipe_reg[3][5], operation Mode is: (A*B)'.
DSP Report: register product_pipe_reg[3][5] is absorbed into DSP product_pipe_reg[3][5].
DSP Report: operator p_0_out is absorbed into DSP product_pipe_reg[3][5].
DSP Report: Generating DSP product_pipe_reg[3][4], operation Mode is: (A*B)'.
DSP Report: register product_pipe_reg[3][4] is absorbed into DSP product_pipe_reg[3][4].
DSP Report: operator p_0_out is absorbed into DSP product_pipe_reg[3][4].
DSP Report: Generating DSP product_pipe_reg[3][3], operation Mode is: (A*B)'.
DSP Report: register product_pipe_reg[3][3] is absorbed into DSP product_pipe_reg[3][3].
DSP Report: operator p_0_out is absorbed into DSP product_pipe_reg[3][3].
DSP Report: Generating DSP product_pipe_reg[3][2], operation Mode is: (A*B)'.
DSP Report: register product_pipe_reg[3][2] is absorbed into DSP product_pipe_reg[3][2].
DSP Report: operator p_0_out is absorbed into DSP product_pipe_reg[3][2].
DSP Report: Generating DSP product_pipe_reg[3][1], operation Mode is: (A*B)'.
DSP Report: register product_pipe_reg[3][1] is absorbed into DSP product_pipe_reg[3][1].
DSP Report: operator p_0_out is absorbed into DSP product_pipe_reg[3][1].
DSP Report: Generating DSP product_pipe_reg[3][0], operation Mode is: (A*B)'.
DSP Report: register product_pipe_reg[3][0] is absorbed into DSP product_pipe_reg[3][0].
DSP Report: operator p_0_out is absorbed into DSP product_pipe_reg[3][0].
DSP Report: Generating DSP pair_sum_low_pipe_reg[3][3], operation Mode is: (C+(A:0x0):B)'.
DSP Report: register pair_sum_low_pipe_reg[3][3] is absorbed into DSP pair_sum_low_pipe_reg[3][3].
DSP Report: operator p_117_out is absorbed into DSP pair_sum_low_pipe_reg[3][3].
DSP Report: Generating DSP pair_sum_low_pipe_reg[3][2], operation Mode is: (C+(A:0x0):B)'.
DSP Report: register pair_sum_low_pipe_reg[3][2] is absorbed into DSP pair_sum_low_pipe_reg[3][2].
DSP Report: operator p_114_out is absorbed into DSP pair_sum_low_pipe_reg[3][2].
DSP Report: Generating DSP pair_sum_low_pipe_reg[3][1], operation Mode is: (C+(A:0x0):B)'.
DSP Report: register pair_sum_low_pipe_reg[3][1] is absorbed into DSP pair_sum_low_pipe_reg[3][1].
DSP Report: operator p_111_out is absorbed into DSP pair_sum_low_pipe_reg[3][1].
DSP Report: Generating DSP pair_sum_low_pipe_reg[3][0], operation Mode is: (C+(A:0x0):B)'.
DSP Report: register pair_sum_low_pipe_reg[3][0] is absorbed into DSP pair_sum_low_pipe_reg[3][0].
DSP Report: operator p_108_out is absorbed into DSP pair_sum_low_pipe_reg[3][0].
DSP Report: Generating DSP product_pipe_reg[2][7], operation Mode is: (A*B)'.
DSP Report: register product_pipe_reg[2][7] is absorbed into DSP product_pipe_reg[2][7].
DSP Report: operator p_0_out is absorbed into DSP product_pipe_reg[2][7].
DSP Report: Generating DSP product_pipe_reg[2][6], operation Mode is: (A*B)'.
DSP Report: register product_pipe_reg[2][6] is absorbed into DSP product_pipe_reg[2][6].
DSP Report: operator p_0_out is absorbed into DSP product_pipe_reg[2][6].
DSP Report: Generating DSP product_pipe_reg[2][5], operation Mode is: (A*B)'.
DSP Report: register product_pipe_reg[2][5] is absorbed into DSP product_pipe_reg[2][5].
DSP Report: operator p_0_out is absorbed into DSP product_pipe_reg[2][5].
DSP Report: Generating DSP product_pipe_reg[2][4], operation Mode is: (A*B)'.
DSP Report: register product_pipe_reg[2][4] is absorbed into DSP product_pipe_reg[2][4].
DSP Report: operator p_0_out is absorbed into DSP product_pipe_reg[2][4].
DSP Report: Generating DSP product_pipe_reg[2][3], operation Mode is: (A*B)'.
DSP Report: register product_pipe_reg[2][3] is absorbed into DSP product_pipe_reg[2][3].
DSP Report: operator p_0_out is absorbed into DSP product_pipe_reg[2][3].
DSP Report: Generating DSP product_pipe_reg[2][2], operation Mode is: (A*B)'.
DSP Report: register product_pipe_reg[2][2] is absorbed into DSP product_pipe_reg[2][2].
DSP Report: operator p_0_out is absorbed into DSP product_pipe_reg[2][2].
DSP Report: Generating DSP product_pipe_reg[2][1], operation Mode is: (A*B)'.
DSP Report: register product_pipe_reg[2][1] is absorbed into DSP product_pipe_reg[2][1].
DSP Report: operator p_0_out is absorbed into DSP product_pipe_reg[2][1].
DSP Report: Generating DSP product_pipe_reg[2][0], operation Mode is: (A*B)'.
DSP Report: register product_pipe_reg[2][0] is absorbed into DSP product_pipe_reg[2][0].
DSP Report: operator p_0_out is absorbed into DSP product_pipe_reg[2][0].
DSP Report: Generating DSP pair_sum_low_pipe_reg[2][3], operation Mode is: (C+(A:0x0):B)'.
DSP Report: register pair_sum_low_pipe_reg[2][3] is absorbed into DSP pair_sum_low_pipe_reg[2][3].
DSP Report: operator p_141_out is absorbed into DSP pair_sum_low_pipe_reg[2][3].
DSP Report: Generating DSP pair_sum_low_pipe_reg[2][2], operation Mode is: (C+(A:0x0):B)'.
DSP Report: register pair_sum_low_pipe_reg[2][2] is absorbed into DSP pair_sum_low_pipe_reg[2][2].
DSP Report: operator p_138_out is absorbed into DSP pair_sum_low_pipe_reg[2][2].
DSP Report: Generating DSP pair_sum_low_pipe_reg[2][1], operation Mode is: (C+(A:0x0):B)'.
DSP Report: register pair_sum_low_pipe_reg[2][1] is absorbed into DSP pair_sum_low_pipe_reg[2][1].
DSP Report: operator p_135_out is absorbed into DSP pair_sum_low_pipe_reg[2][1].
DSP Report: Generating DSP pair_sum_low_pipe_reg[2][0], operation Mode is: (C+(A:0x0):B)'.
DSP Report: register pair_sum_low_pipe_reg[2][0] is absorbed into DSP pair_sum_low_pipe_reg[2][0].
DSP Report: operator p_132_out is absorbed into DSP pair_sum_low_pipe_reg[2][0].
DSP Report: Generating DSP product_pipe_reg[1][7], operation Mode is: (A*B)'.
DSP Report: register product_pipe_reg[1][7] is absorbed into DSP product_pipe_reg[1][7].
DSP Report: operator p_0_out is absorbed into DSP product_pipe_reg[1][7].
DSP Report: Generating DSP product_pipe_reg[1][6], operation Mode is: (A*B)'.
DSP Report: register product_pipe_reg[1][6] is absorbed into DSP product_pipe_reg[1][6].
DSP Report: operator p_0_out is absorbed into DSP product_pipe_reg[1][6].
DSP Report: Generating DSP product_pipe_reg[1][5], operation Mode is: (A*B)'.
DSP Report: register product_pipe_reg[1][5] is absorbed into DSP product_pipe_reg[1][5].
DSP Report: operator p_0_out is absorbed into DSP product_pipe_reg[1][5].
DSP Report: Generating DSP product_pipe_reg[1][4], operation Mode is: (A*B)'.
DSP Report: register product_pipe_reg[1][4] is absorbed into DSP product_pipe_reg[1][4].
DSP Report: operator p_0_out is absorbed into DSP product_pipe_reg[1][4].
DSP Report: Generating DSP product_pipe_reg[1][3], operation Mode is: (A*B)'.
DSP Report: register product_pipe_reg[1][3] is absorbed into DSP product_pipe_reg[1][3].
DSP Report: operator p_0_out is absorbed into DSP product_pipe_reg[1][3].
DSP Report: Generating DSP product_pipe_reg[1][2], operation Mode is: (A*B)'.
DSP Report: register product_pipe_reg[1][2] is absorbed into DSP product_pipe_reg[1][2].
DSP Report: operator p_0_out is absorbed into DSP product_pipe_reg[1][2].
DSP Report: Generating DSP product_pipe_reg[1][1], operation Mode is: (A*B)'.
DSP Report: register product_pipe_reg[1][1] is absorbed into DSP product_pipe_reg[1][1].
DSP Report: operator p_0_out is absorbed into DSP product_pipe_reg[1][1].
DSP Report: Generating DSP product_pipe_reg[1][0], operation Mode is: (A*B)'.
DSP Report: register product_pipe_reg[1][0] is absorbed into DSP product_pipe_reg[1][0].
DSP Report: operator p_0_out is absorbed into DSP product_pipe_reg[1][0].
DSP Report: Generating DSP pair_sum_low_pipe_reg[1][3], operation Mode is: (C+(A:0x0):B)'.
DSP Report: register pair_sum_low_pipe_reg[1][3] is absorbed into DSP pair_sum_low_pipe_reg[1][3].
DSP Report: operator p_165_out is absorbed into DSP pair_sum_low_pipe_reg[1][3].
DSP Report: Generating DSP pair_sum_low_pipe_reg[1][2], operation Mode is: (C+(A:0x0):B)'.
DSP Report: register pair_sum_low_pipe_reg[1][2] is absorbed into DSP pair_sum_low_pipe_reg[1][2].
DSP Report: operator p_162_out is absorbed into DSP pair_sum_low_pipe_reg[1][2].
DSP Report: Generating DSP pair_sum_low_pipe_reg[1][1], operation Mode is: (C+(A:0x0):B)'.
DSP Report: register pair_sum_low_pipe_reg[1][1] is absorbed into DSP pair_sum_low_pipe_reg[1][1].
DSP Report: operator p_159_out is absorbed into DSP pair_sum_low_pipe_reg[1][1].
DSP Report: Generating DSP pair_sum_low_pipe_reg[1][0], operation Mode is: (C+(A:0x0):B)'.
DSP Report: register pair_sum_low_pipe_reg[1][0] is absorbed into DSP pair_sum_low_pipe_reg[1][0].
DSP Report: operator p_156_out is absorbed into DSP pair_sum_low_pipe_reg[1][0].
DSP Report: Generating DSP product_pipe_reg[0][7], operation Mode is: (A*B)'.
DSP Report: register product_pipe_reg[0][7] is absorbed into DSP product_pipe_reg[0][7].
DSP Report: operator p_0_out is absorbed into DSP product_pipe_reg[0][7].
DSP Report: Generating DSP product_pipe_reg[0][6], operation Mode is: (A*B)'.
DSP Report: register product_pipe_reg[0][6] is absorbed into DSP product_pipe_reg[0][6].
DSP Report: operator p_0_out is absorbed into DSP product_pipe_reg[0][6].
DSP Report: Generating DSP product_pipe_reg[0][5], operation Mode is: (A*B)'.
DSP Report: register product_pipe_reg[0][5] is absorbed into DSP product_pipe_reg[0][5].
DSP Report: operator p_0_out is absorbed into DSP product_pipe_reg[0][5].
DSP Report: Generating DSP product_pipe_reg[0][4], operation Mode is: (A*B)'.
DSP Report: register product_pipe_reg[0][4] is absorbed into DSP product_pipe_reg[0][4].
DSP Report: operator p_0_out is absorbed into DSP product_pipe_reg[0][4].
DSP Report: Generating DSP product_pipe_reg[0][3], operation Mode is: (A*B)'.
DSP Report: register product_pipe_reg[0][3] is absorbed into DSP product_pipe_reg[0][3].
DSP Report: operator p_0_out is absorbed into DSP product_pipe_reg[0][3].
DSP Report: Generating DSP product_pipe_reg[0][2], operation Mode is: (A*B)'.
DSP Report: register product_pipe_reg[0][2] is absorbed into DSP product_pipe_reg[0][2].
DSP Report: operator p_0_out is absorbed into DSP product_pipe_reg[0][2].
DSP Report: Generating DSP product_pipe_reg[0][1], operation Mode is: (A*B)'.
DSP Report: register product_pipe_reg[0][1] is absorbed into DSP product_pipe_reg[0][1].
DSP Report: operator p_0_out is absorbed into DSP product_pipe_reg[0][1].
DSP Report: Generating DSP product_pipe_reg[0][0], operation Mode is: (A*B)'.
DSP Report: register product_pipe_reg[0][0] is absorbed into DSP product_pipe_reg[0][0].
DSP Report: operator p_0_out is absorbed into DSP product_pipe_reg[0][0].
DSP Report: Generating DSP pair_sum_low_pipe_reg[0][3], operation Mode is: (C+(A:0x0):B)'.
DSP Report: register pair_sum_low_pipe_reg[0][3] is absorbed into DSP pair_sum_low_pipe_reg[0][3].
DSP Report: operator p_189_out is absorbed into DSP pair_sum_low_pipe_reg[0][3].
DSP Report: Generating DSP pair_sum_low_pipe_reg[0][2], operation Mode is: (C+(A:0x0):B)'.
DSP Report: register pair_sum_low_pipe_reg[0][2] is absorbed into DSP pair_sum_low_pipe_reg[0][2].
DSP Report: operator p_186_out is absorbed into DSP pair_sum_low_pipe_reg[0][2].
DSP Report: Generating DSP pair_sum_low_pipe_reg[0][1], operation Mode is: (C+(A:0x0):B)'.
DSP Report: register pair_sum_low_pipe_reg[0][1] is absorbed into DSP pair_sum_low_pipe_reg[0][1].
DSP Report: operator p_183_out is absorbed into DSP pair_sum_low_pipe_reg[0][1].
DSP Report: Generating DSP pair_sum_low_pipe_reg[0][0], operation Mode is: (C+(A:0x0):B)'.
DSP Report: register pair_sum_low_pipe_reg[0][0] is absorbed into DSP pair_sum_low_pipe_reg[0][0].
DSP Report: operator p_180_out is absorbed into DSP pair_sum_low_pipe_reg[0][0].
WARNING: [Synth 8-7129] Port image_width[15] in module gestureflow_same4x4_cin_window is either unconnected or has no load
WARNING: [Synth 8-7129] Port image_width[14] in module gestureflow_same4x4_cin_window is either unconnected or has no load
WARNING: [Synth 8-7129] Port image_width[13] in module gestureflow_same4x4_cin_window is either unconnected or has no load
WARNING: [Synth 8-7129] Port image_width[12] in module gestureflow_same4x4_cin_window is either unconnected or has no load
WARNING: [Synth 8-7129] Port image_width[11] in module gestureflow_same4x4_cin_window is either unconnected or has no load
WARNING: [Synth 8-7129] Port image_width[10] in module gestureflow_same4x4_cin_window is either unconnected or has no load
WARNING: [Synth 8-7129] Port image_width[9] in module gestureflow_same4x4_cin_window is either unconnected or has no load
WARNING: [Synth 8-7129] Port image_width[8] in module gestureflow_same4x4_cin_window is either unconnected or has no load
WARNING: [Synth 8-7129] Port image_width[7] in module gestureflow_same4x4_cin_window is either unconnected or has no load
WARNING: [Synth 8-7129] Port image_height[15] in module gestureflow_same4x4_cin_window is either unconnected or has no load
WARNING: [Synth 8-7129] Port image_height[14] in module gestureflow_same4x4_cin_window is either unconnected or has no load
WARNING: [Synth 8-7129] Port image_height[13] in module gestureflow_same4x4_cin_window is either unconnected or has no load
WARNING: [Synth 8-7129] Port image_height[12] in module gestureflow_same4x4_cin_window is either unconnected or has no load
WARNING: [Synth 8-7129] Port image_height[11] in module gestureflow_same4x4_cin_window is either unconnected or has no load
WARNING: [Synth 8-7129] Port image_height[10] in module gestureflow_same4x4_cin_window is either unconnected or has no load
WARNING: [Synth 8-7129] Port image_height[9] in module gestureflow_same4x4_cin_window is either unconnected or has no load
WARNING: [Synth 8-7129] Port image_height[8] in module gestureflow_same4x4_cin_window is either unconnected or has no load
WARNING: [Synth 8-7129] Port image_height[7] in module gestureflow_same4x4_cin_window is either unconnected or has no load
WARNING: [Synth 8-7129] Port input_group_count[4] in module gestureflow_conv4x4_cin_same_stream_dmp is either unconnected or has no load
WARNING: [Synth 8-7129] Port input_group_count[3] in module gestureflow_conv4x4_cin_same_stream_dmp is either unconnected or has no load
WARNING: [Synth 8-7129] Port input_group_count[2] in module gestureflow_conv4x4_cin_same_stream_dmp is either unconnected or has no load
WARNING: [Synth 8-7129] Port input_group_count[1] in module gestureflow_conv4x4_cin_same_stream_dmp is either unconnected or has no load
INFO: [Synth 8-3886] merging instance 'stream/tile_activation3' (FDRE) to 'stream/ic_group_index_reg[0]'
INFO: [Synth 8-3886] merging instance 'stream/mac_tile/input_lane_enable_s0_reg[0]' (FDRE) to 'stream/mac_tile/input_lane_enable_s0_reg[1]'
INFO: [Synth 8-3886] merging instance 'stream/mac_tile/input_lane_enable_s0_reg[1]' (FDRE) to 'stream/mac_tile/input_lane_enable_s0_reg[2]'
INFO: [Synth 8-3886] merging instance 'stream/mac_tile/input_lane_enable_s0_reg[3]' (FDRE) to 'stream/mac_tile/input_lane_enable_s0_reg[4]'
INFO: [Synth 8-3886] merging instance 'stream/mac_tile/input_lane_enable_s0_reg[4]' (FDRE) to 'stream/mac_tile/input_lane_enable_s0_reg[5]'
INFO: [Synth 8-3886] merging instance 'stream/mac_tile/input_lane_enable_s0_reg[5]' (FDRE) to 'stream/mac_tile/input_lane_enable_s0_reg[6]'
INFO: [Synth 8-3886] merging instance 'stream/mac_tile/input_lane_enable_s0_reg[6]' (FDRE) to 'stream/mac_tile/input_lane_enable_s0_reg[7]'
INFO: [Synth 8-3886] merging instance 'stream/mac_tile/activation_group_sum_s1_reg[11]' (FDR) to 'stream/mac_tile/activation_group_sum_s1_reg[12]'
INFO: [Synth 8-3886] merging instance 'stream/mac_tile/activation_group_sum_s1_reg[12]' (FDR) to 'stream/mac_tile/activation_group_sum_s1_reg[13]'
INFO: [Synth 8-3886] merging instance 'stream/mac_tile/activation_group_sum_s1_reg[13]' (FDR) to 'stream/mac_tile/activation_group_sum_s1_reg[14]'
INFO: [Synth 8-3886] merging instance 'stream/mac_tile/activation_group_sum_s1_reg[14]' (FDR) to 'stream/mac_tile/activation_group_sum_s1_reg[15]'
INFO: [Synth 8-3886] merging instance 'stream/mac_tile/activation_group_sum_s1_reg[15]' (FDR) to 'stream/mac_tile/activation_group_sum_s1_reg[16]'
INFO: [Synth 8-3886] merging instance 'stream/mac_tile/input_lane_enable_s1_reg[0]' (FDR) to 'stream/mac_tile/input_lane_enable_s1_reg[1]'
INFO: [Synth 8-3886] merging instance 'stream/mac_tile/input_lane_enable_s1_reg[1]' (FDR) to 'stream/mac_tile/input_lane_enable_s1_reg[2]'
INFO: [Synth 8-3886] merging instance 'stream/mac_tile/input_lane_enable_s1_reg[3]' (FDR) to 'stream/mac_tile/input_lane_enable_s1_reg[6]'
INFO: [Synth 8-3886] merging instance 'stream/mac_tile/input_lane_enable_s1_reg[4]' (FDR) to 'stream/mac_tile/input_lane_enable_s1_reg[6]'
INFO: [Synth 8-3886] merging instance 'stream/mac_tile/input_lane_enable_s1_reg[5]' (FDR) to 'stream/mac_tile/input_lane_enable_s1_reg[6]'
INFO: [Synth 8-3886] merging instance 'stream/mac_tile/input_lane_enable_s1_reg[6]' (FDR) to 'stream/mac_tile/input_lane_enable_s1_reg[7]'
INFO: [Synth 8-5845] Not enough pipeline registers after wide multiplier. Recommended levels of pipeline registers is 4 [E:/zcu104_vivado/gftmpl/gestureflow_src/gestureflow_requant_relu.sv:293]
INFO: [Synth 8-5845] Not enough pipeline registers after wide multiplier. Recommended levels of pipeline registers is 4 [E:/zcu104_vivado/gftmpl/gestureflow_src/gestureflow_requant_relu.sv:293]
INFO: [Synth 8-5845] Not enough pipeline registers after wide multiplier. Recommended levels of pipeline registers is 4 [E:/zcu104_vivado/gftmpl/gestureflow_src/gestureflow_requant_relu.sv:293]
INFO: [Synth 8-5845] Not enough pipeline registers after wide multiplier. Recommended levels of pipeline registers is 4 [E:/zcu104_vivado/gftmpl/gestureflow_src/gestureflow_requant_relu.sv:293]
DSP Report: Generating DSP p_0_out, operation Mode is: A*B.
DSP Report: operator p_0_out is absorbed into DSP p_0_out.
DSP Report: operator p_0_out is absorbed into DSP p_0_out.
DSP Report: Generating DSP p_0_out, operation Mode is: (PCIN>>17)+A*B.
DSP Report: operator p_0_out is absorbed into DSP p_0_out.
DSP Report: operator p_0_out is absorbed into DSP p_0_out.
DSP Report: Generating DSP p_0_out, operation Mode is: A*B.
DSP Report: operator p_0_out is absorbed into DSP p_0_out.
DSP Report: operator p_0_out is absorbed into DSP p_0_out.
DSP Report: Generating DSP p_0_out, operation Mode is: (PCIN>>17)+A*B.
DSP Report: operator p_0_out is absorbed into DSP p_0_out.
DSP Report: operator p_0_out is absorbed into DSP p_0_out.
DSP Report: Generating DSP p_2_out, operation Mode is: A*B.
DSP Report: operator p_2_out is absorbed into DSP p_2_out.
DSP Report: operator p_2_out is absorbed into DSP p_2_out.
DSP Report: Generating DSP p_2_out, operation Mode is: (PCIN>>17)+A*B.
DSP Report: operator p_2_out is absorbed into DSP p_2_out.
DSP Report: operator p_2_out is absorbed into DSP p_2_out.
DSP Report: Generating DSP p_2_out, operation Mode is: A*B.
DSP Report: operator p_2_out is absorbed into DSP p_2_out.
DSP Report: operator p_2_out is absorbed into DSP p_2_out.
DSP Report: Generating DSP p_2_out, operation Mode is: (PCIN>>17)+A*B.
DSP Report: operator p_2_out is absorbed into DSP p_2_out.
DSP Report: operator p_2_out is absorbed into DSP p_2_out.
DSP Report: Generating DSP p_2_out, operation Mode is: A*B.
DSP Report: operator p_2_out is absorbed into DSP p_2_out.
DSP Report: operator p_2_out is absorbed into DSP p_2_out.
DSP Report: Generating DSP p_2_out, operation Mode is: (PCIN>>17)+A*B.
DSP Report: operator p_2_out is absorbed into DSP p_2_out.
DSP Report: operator p_2_out is absorbed into DSP p_2_out.
DSP Report: Generating DSP p_2_out, operation Mode is: A*B.
DSP Report: operator p_2_out is absorbed into DSP p_2_out.
DSP Report: operator p_2_out is absorbed into DSP p_2_out.
DSP Report: Generating DSP p_2_out, operation Mode is: (PCIN>>17)+A*B.
DSP Report: operator p_2_out is absorbed into DSP p_2_out.
DSP Report: operator p_2_out is absorbed into DSP p_2_out.
DSP Report: Generating DSP p_2_out, operation Mode is: A*B.
DSP Report: operator p_2_out is absorbed into DSP p_2_out.
DSP Report: operator p_2_out is absorbed into DSP p_2_out.
DSP Report: Generating DSP p_2_out, operation Mode is: (PCIN>>17)+A*B.
DSP Report: operator p_2_out is absorbed into DSP p_2_out.
DSP Report: operator p_2_out is absorbed into DSP p_2_out.
DSP Report: Generating DSP p_2_out, operation Mode is: A*B.
DSP Report: operator p_2_out is absorbed into DSP p_2_out.
DSP Report: operator p_2_out is absorbed into DSP p_2_out.
DSP Report: Generating DSP p_2_out, operation Mode is: (PCIN>>17)+A*B.
DSP Report: operator p_2_out is absorbed into DSP p_2_out.
DSP Report: operator p_2_out is absorbed into DSP p_2_out.
INFO: [Synth 8-3886] merging instance 'requant/out_lane_enable_reg[12]' (FDRE) to 'requant/pending_lane_enable_reg[12]'
INFO: [Synth 8-3886] merging instance 'requant/out_lane_enable_reg[8]' (FDRE) to 'requant/pending_lane_enable_reg[8]'
INFO: [Synth 8-3886] merging instance 'requant/out_lane_enable_reg[4]' (FDRE) to 'requant/pending_lane_enable_reg[4]'
INFO: [Synth 8-3886] merging instance 'requant/out_lane_enable_reg[0]' (FDRE) to 'requant/pending_lane_enable_reg[0]'
INFO: [Synth 8-3886] merging instance 'requant/out_lane_enable_reg[13]' (FDRE) to 'requant/pending_lane_enable_reg[13]'
INFO: [Synth 8-3886] merging instance 'requant/out_lane_enable_reg[9]' (FDRE) to 'requant/pending_lane_enable_reg[9]'
INFO: [Synth 8-3886] merging instance 'requant/out_lane_enable_reg[5]' (FDRE) to 'requant/pending_lane_enable_reg[5]'
INFO: [Synth 8-3886] merging instance 'requant/out_lane_enable_reg[1]' (FDRE) to 'requant/pending_lane_enable_reg[1]'
INFO: [Synth 8-3886] merging instance 'requant/out_lane_enable_reg[14]' (FDRE) to 'requant/pending_lane_enable_reg[14]'
INFO: [Synth 8-3886] merging instance 'requant/out_lane_enable_reg[10]' (FDRE) to 'requant/pending_lane_enable_reg[10]'
INFO: [Synth 8-3886] merging instance 'requant/out_lane_enable_reg[6]' (FDRE) to 'requant/pending_lane_enable_reg[6]'
INFO: [Synth 8-3886] merging instance 'requant/out_lane_enable_reg[2]' (FDRE) to 'requant/pending_lane_enable_reg[2]'
INFO: [Synth 8-3886] merging instance 'requant/out_lane_enable_reg[15]' (FDRE) to 'requant/pending_lane_enable_reg[15]'
INFO: [Synth 8-3886] merging instance 'requant/out_lane_enable_reg[11]' (FDRE) to 'requant/pending_lane_enable_reg[11]'
INFO: [Synth 8-3886] merging instance 'requant/out_lane_enable_reg[7]' (FDRE) to 'requant/pending_lane_enable_reg[7]'
INFO: [Synth 8-3886] merging instance 'requant/out_lane_enable_reg[3]' (FDRE) to 'requant/pending_lane_enable_reg[3]'
INFO: [Synth 8-3886] merging instance 'requant/prefetched_lane_enable_chunk2[-1111111111]' (FDRE) to 'requant/lane_chunk_index_reg[0]'
INFO: [Synth 8-3886] merging instance 'requant/prefetched_lane_enable_chunk2[-1111111110]' (FDRE) to 'requant/lane_chunk_index_reg[1]'
INFO: [Synth 8-4471] merging register 'cfg_taps_reg[4:0]' into 'cfg_taps_reg[4:0]' [E:/zcu104_vivado/gftmpl/gestureflow_src/gestureflow_hp0_weight_dma_loader_dmp.sv:154]
INFO: [Synth 8-4471] merging register 'cfg_groups_reg[4:0]' into 'cfg_groups_reg[4:0]' [E:/zcu104_vivado/gftmpl/gestureflow_src/gestureflow_hp0_weight_dma_loader_dmp.sv:154]
INFO: [Synth 8-4471] merging register 'cfg_pairs_reg[5:0]' into 'cfg_pairs_reg[5:0]' [E:/zcu104_vivado/gftmpl/gestureflow_src/gestureflow_hp0_weight_dma_loader_dmp.sv:155]
DSP Report: Generating DSP cfg_expected_words1, operation Mode is: A2*B2.
DSP Report: register cfg_groups_reg is absorbed into DSP cfg_expected_words1.
DSP Report: register cfg_output_taps_reg is absorbed into DSP cfg_expected_words1.
DSP Report: operator cfg_expected_words1 is absorbed into DSP cfg_expected_words1.
INFO: [Synth 8-6904] The RAM "weight_dma_loader/beat_fifo_reg" of size (depth=16 x width=64) is automatically implemented using LUTRAM. BRAM implementation would be inefficient 
INFO: [Synth 8-6904] The RAM "tensor_loader/beat_fifo_reg" of size (depth=16 x width=64) is automatically implemented using LUTRAM. BRAM implementation would be inefficient 
INFO: [Synth 8-4471] merging register 'fifo_bytes_reg[4:0]' into 'fifo_bytes_reg[4:0]' [E:/zcu104_vivado/gftmpl/gestureflow_src/gestureflow_hp0_rgb_loader.sv:82]
INFO: [Synth 8-6904] The RAM "weight_dma_loader/beat_fifo_reg" of size (depth=16 x width=64) is automatically implemented using LUTRAM. BRAM implementation would be inefficient 
INFO: [Synth 8-6904] The RAM "tensor_loader/beat_fifo_reg" of size (depth=16 x width=64) is automatically implemented using LUTRAM. BRAM implementation would be inefficient 
INFO: [Synth 8-3886] merging instance 'weight_dma_loader/cfg_pairs_reg[3]' (FDRE) to 'weight_dma_loader/cfg_outputs_reg[4]'
INFO: [Synth 8-3886] merging instance 'weight_dma_loader/cfg_pairs_reg[4]' (FDRE) to 'weight_dma_loader/cfg_outputs_reg[5]'
INFO: [Synth 8-3333] propagating constant 0 across sequential element (weight_dma_loader/\cfg_pairs_reg[5] )
INFO: [Synth 8-3886] merging instance 'weight_dma_loader/read_ptr_reg_rep[2]' (FDRE) to 'weight_dma_loader/read_ptr_reg[2]'
INFO: [Synth 8-3886] merging instance 'weight_dma_loader/read_ptr_reg_rep[1]' (FDRE) to 'weight_dma_loader/read_ptr_reg[1]'
INFO: [Synth 8-3886] merging instance 'weight_dma_loader/read_ptr_reg_rep[0]' (FDRE) to 'weight_dma_loader/read_ptr_reg[0]'
INFO: [Synth 8-3886] merging instance 'weight_dma_loader/read_ptr_reg_rep[3]' (FDRE) to 'weight_dma_loader/read_ptr_reg[3]'
INFO: [Synth 8-3886] merging instance 'weight_dma_loader/cfg_pairs_reg[0]' (FDRE) to 'weight_dma_loader/cfg_outputs_reg[1]'
INFO: [Synth 8-3886] merging instance 'weight_dma_loader/cfg_pairs_reg[1]' (FDRE) to 'weight_dma_loader/cfg_outputs_reg[2]'
INFO: [Synth 8-3886] merging instance 'weight_dma_loader/cfg_pairs_reg[2]' (FDRE) to 'weight_dma_loader/cfg_outputs_reg[3]'
INFO: [Synth 8-3886] merging instance 'tensor_loader/read_ptr_reg_rep[2]' (FDRE) to 'tensor_loader/read_ptr_reg[2]'
INFO: [Synth 8-3886] merging instance 'tensor_loader/read_ptr_reg_rep[1]' (FDRE) to 'tensor_loader/read_ptr_reg[1]'
INFO: [Synth 8-3886] merging instance 'tensor_loader/read_ptr_reg_rep[0]' (FDRE) to 'tensor_loader/read_ptr_reg[0]'
INFO: [Synth 8-3886] merging instance 'tensor_loader/read_ptr_reg_rep[3]' (FDRE) to 'tensor_loader/read_ptr_reg[3]'
INFO: [Synth 8-3333] propagating constant 0 across sequential element (weight_dma_loader/\cfg_expected_words_reg[0] )
INFO: [Synth 8-3333] propagating constant 0 across sequential element (i_2/\weight_bytes_reg[0] )
INFO: [Synth 8-3333] propagating constant 0 across sequential element (\gen_relay_loaders.relay_pool_loader /i_3/\source_row_base_reg[0] )
INFO: [Synth 8-3886] merging instance 'weight_dma_loader/word_in_pack_reg[2]__0' (FDRE) to 'weight_dma_loader/word_in_pack_reg[2]'
INFO: [Synth 8-3886] merging instance 'weight_dma_loader/word_in_pack_reg[0]__0' (FDRE) to 'weight_dma_loader/word_in_pack_reg[0]'
INFO: [Synth 8-3886] merging instance 'weight_dma_loader/word_in_pack_reg[1]__0' (FDRE) to 'weight_dma_loader/word_in_pack_reg[1]'
INFO: [Synth 8-5845] Not enough pipeline registers after wide multiplier. Recommended levels of pipeline registers is 2 [E:/zcu104_vivado/gftmpl/gestureflow_src/gestureflow_layer_chain_dmp_hp0_axil.sv:320]
INFO: [Synth 8-5845] Not enough pipeline registers after wide multiplier. Recommended levels of pipeline registers is 2 [E:/zcu104_vivado/gftmpl/gestureflow_src/gestureflow_layer_chain_dmp_hp0_axil.sv:320]
DSP Report: Generating DSP fnv_step_return, operation Mode is: (A:0x1000193)*B.
DSP Report: operator fnv_step_return is absorbed into DSP fnv_step_return.
DSP Report: operator fnv_step_return is absorbed into DSP fnv_step_return.
DSP Report: Generating DSP fnv_step_return, operation Mode is: (PCIN>>17)+(A:0x1000193)*B.
DSP Report: operator fnv_step_return is absorbed into DSP fnv_step_return.
DSP Report: operator fnv_step_return is absorbed into DSP fnv_step_return.
DSP Report: Generating DSP fnv_step_return, operation Mode is: (A:0x1000193)*B.
DSP Report: operator fnv_step_return is absorbed into DSP fnv_step_return.
DSP Report: operator fnv_step_return is absorbed into DSP fnv_step_return.
DSP Report: Generating DSP fnv_step_return, operation Mode is: (PCIN>>17)+(A:0x1000193)*B.
DSP Report: operator fnv_step_return is absorbed into DSP fnv_step_return.
DSP Report: operator fnv_step_return is absorbed into DSP fnv_step_return.
INFO: [Synth 8-3886] merging instance 'ps_dmp_pair_reg[4]' (FDRE) to 'ps_dmp_tap_reg[0]'
INFO: [Synth 8-3886] merging instance 's_axi_rresp_reg[0]' (FDRE) to 's_axi_rresp_reg[1]'
INFO: [Synth 8-3333] propagating constant 0 across sequential element (\s_axi_rresp_reg[1] )
INFO: [Synth 8-3333] propagating constant 0 across sequential element (\desc_state_reg[2] )
INFO: [Synth 8-4471] merging register 'next_addr_reg[31:0]' into 'next_addr_reg[31:0]' [E:/zcu104_vivado/gftmpl/gestureflow_src/gestureflow_hp0_tensor_writer.sv:192]
DSP Report: Generating DSP state3, operation Mode is: A*B.
DSP Report: operator state3 is absorbed into DSP state3.
INFO: [Synth 8-3886] merging instance 'store/burst_vectors_reg[3]' (FDRE) to 'store/burst_beats_reg[4]'
INFO: [Synth 8-4471] merging register 'ps_dmp_word_index_reg[2:0]' into 'ps_dmp_word_index_reg[2:0]' [E:/zcu104_vivado/gftmpl/gestureflow_src/gestureflow_layer_chain_dmp_hp0_axil.sv:828]
INFO: [Synth 8-4471] merging register 'collect_index_reg[1:0]' into 'collect_index_reg[1:0]' [E:/zcu104_vivado/gftmpl/gestureflow_src/gestureflow_hp0_stream_writer.sv:116]
INFO: [Synth 8-4471] merging register 'collect_index_reg[1:0]' into 'collect_index_reg[1:0]' [E:/zcu104_vivado/gftmpl/gestureflow_src/gestureflow_hp0_stream_writer.sv:116]
INFO: [Synth 8-4471] merging register 'collect_index_reg[1:0]' into 'collect_index_reg[1:0]' [E:/zcu104_vivado/gftmpl/gestureflow_src/gestureflow_hp0_stream_writer.sv:116]
INFO: [Synth 8-4471] merging register 'burst_vectors_reg[2:0]' into 'burst_vectors_reg[2:0]' [E:/zcu104_vivado/gftmpl/gestureflow_src/gestureflow_hp0_stream_writer.sv:117]
INFO: [Synth 8-4471] merging register 'burst_vectors_reg[2:0]' into 'burst_vectors_reg[2:0]' [E:/zcu104_vivado/gftmpl/gestureflow_src/gestureflow_hp0_stream_writer.sv:117]
INFO: [Synth 8-4471] merging register 'burst_vectors_reg[2:0]' into 'burst_vectors_reg[2:0]' [E:/zcu104_vivado/gftmpl/gestureflow_src/gestureflow_hp0_stream_writer.sv:117]
INFO: [Synth 8-5845] Not enough pipeline registers after wide multiplier. Recommended levels of pipeline registers is 2 [E:/zcu104_vivado/gftmpl/gestureflow_src/gestureflow_hp0_stream_writer.sv:190]
DSP Report: Generating DSP state2, operation Mode is: A*B.
DSP Report: operator state2 is absorbed into DSP state2.
WARNING: [Synth 8-3917] design gestureflow_layer_chain_dmp_hp0_axil__GB7 has port P[8] driven by constant 0
WARNING: [Synth 8-3917] design gestureflow_layer_chain_dmp_hp0_axil__GB7 has port P[4] driven by constant 0
WARNING: [Synth 8-3917] design gestureflow_layer_chain_dmp_hp0_axil__GB7 has port P[3] driven by constant 0
WARNING: [Synth 8-3917] design gestureflow_layer_chain_dmp_hp0_axil__GB7 has port P[2] driven by constant 0
WARNING: [Synth 8-3917] design gestureflow_layer_chain_dmp_hp0_axil__GB7 has port P[1] driven by constant 0
WARNING: [Synth 8-3917] design gestureflow_layer_chain_dmp_hp0_axil__GB7 has port P[0] driven by constant 0
INFO: [Synth 8-5555] Implemented Block Ram Cascade chain of height 4 and width 36 for RAM "\gen_relay_banks.bank1/gen_slice[0].slice_mem/storage_reg "
INFO: [Synth 8-5555] Implemented Block Ram Cascade chain of height 4 and width 36 for RAM "\gen_relay_banks.bank1/gen_slice[0].slice_mem/storage_reg "
INFO: [Synth 8-5555] Implemented Block Ram Cascade chain of height 4 and width 36 for RAM "\gen_relay_banks.bank1/gen_slice[0].slice_mem/storage_reg "
INFO: [Synth 8-5555] Implemented Block Ram Cascade chain of height 2 and width 18 for RAM "\gen_relay_banks.bank1/gen_slice[0].slice_mem/storage_reg "
INFO: [Synth 8-7030] Implemented Non-Cascaded Block Ram (cascade_height = 1) of width 2 for RAM "\gen_relay_banks.bank1/gen_slice[0].slice_mem/storage_reg "
INFO: [Synth 8-5555] Implemented Block Ram Cascade chain of height 4 and width 36 for RAM "\gen_relay_banks.bank1/gen_slice[1].slice_mem/storage_reg "
INFO: [Synth 8-5555] Implemented Block Ram Cascade chain of height 4 and width 36 for RAM "\gen_relay_banks.bank1/gen_slice[1].slice_mem/storage_reg "
INFO: [Synth 8-5555] Implemented Block Ram Cascade chain of height 4 and width 36 for RAM "\gen_relay_banks.bank1/gen_slice[1].slice_mem/storage_reg "
INFO: [Synth 8-5555] Implemented Block Ram Cascade chain of height 2 and width 18 for RAM "\gen_relay_banks.bank1/gen_slice[1].slice_mem/storage_reg "
INFO: [Synth 8-7030] Implemented Non-Cascaded Block Ram (cascade_height = 1) of width 2 for RAM "\gen_relay_banks.bank1/gen_slice[1].slice_mem/storage_reg "
INFO: [Synth 8-5555] Implemented Block Ram Cascade chain of height 4 and width 36 for RAM "\gen_relay_banks.bank1/gen_slice[2].slice_mem/storage_reg "
INFO: [Synth 8-5555] Implemented Block Ram Cascade chain of height 4 and width 36 for RAM "\gen_relay_banks.bank1/gen_slice[2].slice_mem/storage_reg "
INFO: [Synth 8-5555] Implemented Block Ram Cascade chain of height 4 and width 36 for RAM "\gen_relay_banks.bank1/gen_slice[2].slice_mem/storage_reg "
INFO: [Synth 8-5555] Implemented Block Ram Cascade chain of height 2 and width 18 for RAM "\gen_relay_banks.bank1/gen_slice[2].slice_mem/storage_reg "
INFO: [Synth 8-7030] Implemented Non-Cascaded Block Ram (cascade_height = 1) of width 2 for RAM "\gen_relay_banks.bank1/gen_slice[2].slice_mem/storage_reg "
INFO: [Synth 8-5555] Implemented Block Ram Cascade chain of height 4 and width 36 for RAM "\gen_relay_banks.bank1/gen_slice[3].slice_mem/storage_reg "
INFO: [Synth 8-5555] Implemented Block Ram Cascade chain of height 4 and width 36 for RAM "\gen_relay_banks.bank1/gen_slice[3].slice_mem/storage_reg "
INFO: [Synth 8-5555] Implemented Block Ram Cascade chain of height 4 and width 36 for RAM "\gen_relay_banks.bank1/gen_slice[3].slice_mem/storage_reg "
INFO: [Synth 8-5555] Implemented Block Ram Cascade chain of height 2 and width 18 for RAM "\gen_relay_banks.bank1/gen_slice[3].slice_mem/storage_reg "
INFO: [Synth 8-7030] Implemented Non-Cascaded Block Ram (cascade_height = 1) of width 2 for RAM "\gen_relay_banks.bank1/gen_slice[3].slice_mem/storage_reg "
INFO: [Synth 8-5555] Implemented Block Ram Cascade chain of height 4 and width 36 for RAM "\gen_relay_banks.bank0/gen_slice[0].slice_mem/storage_reg "
INFO: [Synth 8-5555] Implemented Block Ram Cascade chain of height 4 and width 36 for RAM "\gen_relay_banks.bank0/gen_slice[0].slice_mem/storage_reg "
INFO: [Synth 8-5555] Implemented Block Ram Cascade chain of height 4 and width 36 for RAM "\gen_relay_banks.bank0/gen_slice[0].slice_mem/storage_reg "
INFO: [Synth 8-5555] Implemented Block Ram Cascade chain of height 2 and width 18 for RAM "\gen_relay_banks.bank0/gen_slice[0].slice_mem/storage_reg "
INFO: [Synth 8-7030] Implemented Non-Cascaded Block Ram (cascade_height = 1) of width 2 for RAM "\gen_relay_banks.bank0/gen_slice[0].slice_mem/storage_reg "
INFO: [Synth 8-5555] Implemented Block Ram Cascade chain of height 4 and width 36 for RAM "\gen_relay_banks.bank0/gen_slice[1].slice_mem/storage_reg "
INFO: [Synth 8-5555] Implemented Block Ram Cascade chain of height 4 and width 36 for RAM "\gen_relay_banks.bank0/gen_slice[1].slice_mem/storage_reg "
INFO: [Synth 8-5555] Implemented Block Ram Cascade chain of height 4 and width 36 for RAM "\gen_relay_banks.bank0/gen_slice[1].slice_mem/storage_reg "
INFO: [Synth 8-5555] Implemented Block Ram Cascade chain of height 2 and width 18 for RAM "\gen_relay_banks.bank0/gen_slice[1].slice_mem/storage_reg "
INFO: [Synth 8-7030] Implemented Non-Cascaded Block Ram (cascade_height = 1) of width 2 for RAM "\gen_relay_banks.bank0/gen_slice[1].slice_mem/storage_reg "
INFO: [Synth 8-5555] Implemented Block Ram Cascade chain of height 4 and width 36 for RAM "\gen_relay_banks.bank0/gen_slice[2].slice_mem/storage_reg "
INFO: [Synth 8-5555] Implemented Block Ram Cascade chain of height 4 and width 36 for RAM "\gen_relay_banks.bank0/gen_slice[2].slice_mem/storage_reg "
INFO: [Synth 8-5555] Implemented Block Ram Cascade chain of height 4 and width 36 for RAM "\gen_relay_banks.bank0/gen_slice[2].slice_mem/storage_reg "
INFO: [Synth 8-5555] Implemented Block Ram Cascade chain of height 2 and width 18 for RAM "\gen_relay_banks.bank0/gen_slice[2].slice_mem/storage_reg "
INFO: [Synth 8-7030] Implemented Non-Cascaded Block Ram (cascade_height = 1) of width 2 for RAM "\gen_relay_banks.bank0/gen_slice[2].slice_mem/storage_reg "
INFO: [Synth 8-5555] Implemented Block Ram Cascade chain of height 4 and width 36 for RAM "\gen_relay_banks.bank0/gen_slice[3].slice_mem/storage_reg "
INFO: [Synth 8-5555] Implemented Block Ram Cascade chain of height 4 and width 36 for RAM "\gen_relay_banks.bank0/gen_slice[3].slice_mem/storage_reg "
INFO: [Synth 8-5555] Implemented Block Ram Cascade chain of height 4 and width 36 for RAM "\gen_relay_banks.bank0/gen_slice[3].slice_mem/storage_reg "
INFO: [Synth 8-5555] Implemented Block Ram Cascade chain of height 2 and width 18 for RAM "\gen_relay_banks.bank0/gen_slice[3].slice_mem/storage_reg "
INFO: [Synth 8-7030] Implemented Non-Cascaded Block Ram (cascade_height = 1) of width 2 for RAM "\gen_relay_banks.bank0/gen_slice[3].slice_mem/storage_reg "
INFO: [Synth 8-3886] merging instance 's_axi_bresp_reg[0]' (FDRE) to 's_axi_bresp_reg[1]'
INFO: [Synth 8-3333] propagating constant 0 across sequential element (\s_axi_bresp_reg[1] )
WARNING: [Synth 8-3332] Sequential element (FSM_onehot_state_reg[4]) is unused and will be removed from module gestureflow_hp0_stream_writer.
WARNING: [Synth 8-3332] Sequential element (FSM_onehot_state_reg[3]) is unused and will be removed from module gestureflow_hp0_stream_writer.
WARNING: [Synth 8-3332] Sequential element (FSM_onehot_state_reg[2]) is unused and will be removed from module gestureflow_hp0_stream_writer.
WARNING: [Synth 8-3332] Sequential element (FSM_onehot_state_reg[1]) is unused and will be removed from module gestureflow_hp0_stream_writer.
WARNING: [Synth 8-3332] Sequential element (FSM_onehot_state_reg[0]) is unused and will be removed from module gestureflow_hp0_stream_writer.
---------------------------------------------------------------------------------
Finished Cross Boundary and Area Optimization : Time (s): cpu = 00:00:43 ; elapsed = 00:01:43 . Memory (MB): peak = 2235.109 ; gain = 1739.508
---------------------------------------------------------------------------------
 Sort Area is gestureflow_layer_chain_dmp_hp0_axil__GB0 product_pipe_reg[0][0]_56 : 0 0 : 1463 1463 : Used 1 time 100
 Sort Area is gestureflow_layer_chain_dmp_hp0_axil__GB0 product_pipe_reg[0][1]_57 : 0 0 : 1463 1463 : Used 1 time 100
 Sort Area is gestureflow_layer_chain_dmp_hp0_axil__GB0 product_pipe_reg[0][2]_58 : 0 0 : 1463 1463 : Used 1 time 100
 Sort Area is gestureflow_layer_chain_dmp_hp0_axil__GB0 product_pipe_reg[0][3]_59 : 0 0 : 1463 1463 : Used 1 time 100
 Sort Area is gestureflow_layer_chain_dmp_hp0_axil__GB0 product_pipe_reg[0][4]_5a : 0 0 : 1463 1463 : Used 1 time 100
 Sort Area is gestureflow_layer_chain_dmp_hp0_axil__GB0 product_pipe_reg[0][5]_5b : 0 0 : 1463 1463 : Used 1 time 100
 Sort Area is gestureflow_layer_chain_dmp_hp0_axil__GB0 product_pipe_reg[0][6]_5c : 0 0 : 1463 1463 : Used 1 time 100
 Sort Area is gestureflow_layer_chain_dmp_hp0_axil__GB0 product_pipe_reg[0][7]_5d : 0 0 : 1463 1463 : Used 1 time 100
 Sort Area is gestureflow_layer_chain_dmp_hp0_axil__GB0 product_pipe_reg[1][0]_4a : 0 0 : 1463 1463 : Used 1 time 100
 Sort Area is gestureflow_layer_chain_dmp_hp0_axil__GB0 product_pipe_reg[1][1]_4b : 0 0 : 1463 1463 : Used 1 time 100
 Sort Area is gestureflow_layer_chain_dmp_hp0_axil__GB0 product_pipe_reg[1][2]_4c : 0 0 : 1463 1463 : Used 1 time 100
 Sort Area is gestureflow_layer_chain_dmp_hp0_axil__GB0 product_pipe_reg[1][3]_4d : 0 0 : 1463 1463 : Used 1 time 100
 Sort Area is gestureflow_layer_chain_dmp_hp0_axil__GB0 product_pipe_reg[1][4]_4e : 0 0 : 1463 1463 : Used 1 time 100
 Sort Area is gestureflow_layer_chain_dmp_hp0_axil__GB0 product_pipe_reg[1][5]_4f : 0 0 : 1463 1463 : Used 1 time 100
 Sort Area is gestureflow_layer_chain_dmp_hp0_axil__GB0 product_pipe_reg[1][6]_50 : 0 0 : 1463 1463 : Used 1 time 100
 Sort Area is gestureflow_layer_chain_dmp_hp0_axil__GB0 product_pipe_reg[1][7]_51 : 0 0 : 1463 1463 : Used 1 time 100
 Sort Area is gestureflow_layer_chain_dmp_hp0_axil__GB0 product_pipe_reg[2][0]_3e : 0 0 : 1463 1463 : Used 1 time 100
 Sort Area is gestureflow_layer_chain_dmp_hp0_axil__GB0 product_pipe_reg[2][1]_3f : 0 0 : 1463 1463 : Used 1 time 100
 Sort Area is gestureflow_layer_chain_dmp_hp0_axil__GB0 product_pipe_reg[2][2]_40 : 0 0 : 1463 1463 : Used 1 time 100
 Sort Area is gestureflow_layer_chain_dmp_hp0_axil__GB0 product_pipe_reg[2][3]_41 : 0 0 : 1463 1463 : Used 1 time 100
 Sort Area is gestureflow_layer_chain_dmp_hp0_axil__GB0 product_pipe_reg[2][4]_42 : 0 0 : 1463 1463 : Used 1 time 100
 Sort Area is gestureflow_layer_chain_dmp_hp0_axil__GB0 product_pipe_reg[2][5]_43 : 0 0 : 1463 1463 : Used 1 time 100
 Sort Area is gestureflow_layer_chain_dmp_hp0_axil__GB0 product_pipe_reg[2][6]_44 : 0 0 : 1463 1463 : Used 1 time 100
 Sort Area is gestureflow_layer_chain_dmp_hp0_axil__GB0 product_pipe_reg[2][7]_45 : 0 0 : 1463 1463 : Used 1 time 100
 Sort Area is gestureflow_layer_chain_dmp_hp0_axil__GB0 product_pipe_reg[3][0]_32 : 0 0 : 1463 1463 : Used 1 time 100
 Sort Area is gestureflow_layer_chain_dmp_hp0_axil__GB0 product_pipe_reg[3][1]_33 : 0 0 : 1463 1463 : Used 1 time 100
 Sort Area is gestureflow_layer_chain_dmp_hp0_axil__GB0 product_pipe_reg[3][2]_34 : 0 0 : 1463 1463 : Used 1 time 100
 Sort Area is gestureflow_layer_chain_dmp_hp0_axil__GB0 product_pipe_reg[3][3]_35 : 0 0 : 1463 1463 : Used 1 time 100
 Sort Area is gestureflow_layer_chain_dmp_hp0_axil__GB0 product_pipe_reg[3][4]_36 : 0 0 : 1463 1463 : Used 1 time 100
 Sort Area is gestureflow_layer_chain_dmp_hp0_axil__GB0 product_pipe_reg[3][5]_37 : 0 0 : 1463 1463 : Used 1 time 100
 Sort Area is gestureflow_layer_chain_dmp_hp0_axil__GB0 product_pipe_reg[3][6]_38 : 0 0 : 1463 1463 : Used 1 time 100
 Sort Area is gestureflow_layer_chain_dmp_hp0_axil__GB0 product_pipe_reg[3][7]_39 : 0 0 : 1463 1463 : Used 1 time 100
 Sort Area is gestureflow_layer_chain_dmp_hp0_axil__GB0 product_pipe_reg[4][0]_26 : 0 0 : 1463 1463 : Used 1 time 100
 Sort Area is gestureflow_layer_chain_dmp_hp0_axil__GB0 product_pipe_reg[4][1]_27 : 0 0 : 1463 1463 : Used 1 time 100
 Sort Area is gestureflow_layer_chain_dmp_hp0_axil__GB0 product_pipe_reg[4][2]_28 : 0 0 : 1463 1463 : Used 1 time 100
 Sort Area is gestureflow_layer_chain_dmp_hp0_axil__GB0 product_pipe_reg[4][3]_29 : 0 0 : 1463 1463 : Used 1 time 100
 Sort Area is gestureflow_layer_chain_dmp_hp0_axil__GB0 product_pipe_reg[4][4]_2a : 0 0 : 1463 1463 : Used 1 time 100
 Sort Area is gestureflow_layer_chain_dmp_hp0_axil__GB0 product_pipe_reg[4][5]_2b : 0 0 : 1463 1463 : Used 1 time 100
 Sort Area is gestureflow_layer_chain_dmp_hp0_axil__GB0 product_pipe_reg[4][6]_2c : 0 0 : 1463 1463 : Used 1 time 100
 Sort Area is gestureflow_layer_chain_dmp_hp0_axil__GB0 product_pipe_reg[4][7]_2d : 0 0 : 1463 1463 : Used 1 time 100
 Sort Area is gestureflow_layer_chain_dmp_hp0_axil__GB0 product_pipe_reg[5][0]_1a : 0 0 : 1463 1463 : Used 1 time 100
 Sort Area is gestureflow_layer_chain_dmp_hp0_axil__GB0 product_pipe_reg[5][1]_1b : 0 0 : 1463 1463 : Used 1 time 100
 Sort Area is gestureflow_layer_chain_dmp_hp0_axil__GB0 product_pipe_reg[5][2]_1c : 0 0 : 1463 1463 : Used 1 time 100
 Sort Area is gestureflow_layer_chain_dmp_hp0_axil__GB0 product_pipe_reg[5][3]_1d : 0 0 : 1463 1463 : Used 1 time 100
 Sort Area is gestureflow_layer_chain_dmp_hp0_axil__GB0 product_pipe_reg[5][4]_1e : 0 0 : 1463 1463 : Used 1 time 100
 Sort Area is gestureflow_layer_chain_dmp_hp0_axil__GB0 product_pipe_reg[5][5]_1f : 0 0 : 1463 1463 : Used 1 time 100
 Sort Area is gestureflow_layer_chain_dmp_hp0_axil__GB0 product_pipe_reg[5][6]_20 : 0 0 : 1463 1463 : Used 1 time 100
 Sort Area is gestureflow_layer_chain_dmp_hp0_axil__GB0 product_pipe_reg[5][7]_21 : 0 0 : 1463 1463 : Used 1 time 100
 Sort Area is gestureflow_layer_chain_dmp_hp0_axil__GB0 product_pipe_reg[6][0]_e : 0 0 : 1463 1463 : Used 1 time 100
 Sort Area is gestureflow_layer_chain_dmp_hp0_axil__GB0 product_pipe_reg[6][1]_f : 0 0 : 1463 1463 : Used 1 time 100
 Sort Area is gestureflow_layer_chain_dmp_hp0_axil__GB0 product_pipe_reg[6][2]_10 : 0 0 : 1463 1463 : Used 1 time 100
 Sort Area is gestureflow_layer_chain_dmp_hp0_axil__GB0 product_pipe_reg[6][3]_11 : 0 0 : 1463 1463 : Used 1 time 100
 Sort Area is gestureflow_layer_chain_dmp_hp0_axil__GB0 product_pipe_reg[6][4]_12 : 0 0 : 1463 1463 : Used 1 time 100
 Sort Area is gestureflow_layer_chain_dmp_hp0_axil__GB0 product_pipe_reg[6][5]_13 : 0 0 : 1463 1463 : Used 1 time 100
 Sort Area is gestureflow_layer_chain_dmp_hp0_axil__GB0 product_pipe_reg[6][6]_14 : 0 0 : 1463 1463 : Used 1 time 100
 Sort Area is gestureflow_layer_chain_dmp_hp0_axil__GB0 product_pipe_reg[6][7]_15 : 0 0 : 1463 1463 : Used 1 time 100
 Sort Area is gestureflow_layer_chain_dmp_hp0_axil__GB0 product_pipe_reg[7][0]_0 : 0 0 : 1463 1463 : Used 1 time 100
 Sort Area is gestureflow_layer_chain_dmp_hp0_axil__GB0 product_pipe_reg[7][1]_2 : 0 0 : 1463 1463 : Used 1 time 100
 Sort Area is gestureflow_layer_chain_dmp_hp0_axil__GB0 product_pipe_reg[7][2]_3 : 0 0 : 1463 1463 : Used 1 time 100
 Sort Area is gestureflow_layer_chain_dmp_hp0_axil__GB0 product_pipe_reg[7][3]_4 : 0 0 : 1463 1463 : Used 1 time 100
 Sort Area is gestureflow_layer_chain_dmp_hp0_axil__GB0 product_pipe_reg[7][4]_5 : 0 0 : 1463 1463 : Used 1 time 100
 Sort Area is gestureflow_layer_chain_dmp_hp0_axil__GB0 product_pipe_reg[7][5]_6 : 0 0 : 1463 1463 : Used 1 time 100
 Sort Area is gestureflow_layer_chain_dmp_hp0_axil__GB0 product_pipe_reg[7][6]_7 : 0 0 : 1463 1463 : Used 1 time 100
 Sort Area is gestureflow_layer_chain_dmp_hp0_axil__GB0 product_pipe_reg[7][7]_8 : 0 0 : 1463 1463 : Used 1 time 100
 Sort Area is gestureflow_layer_chain_dmp_hp0_axil__GB0 pair_sum_low_pipe_reg[0][0]_5e : 0 0 : 67 67 : Used 1 time 100
 Sort Area is gestureflow_layer_chain_dmp_hp0_axil__GB0 pair_sum_low_pipe_reg[0][1]_5f : 0 0 : 67 67 : Used 1 time 100
 Sort Area is gestureflow_layer_chain_dmp_hp0_axil__GB0 pair_sum_low_pipe_reg[0][2]_60 : 0 0 : 67 67 : Used 1 time 100
 Sort Area is gestureflow_layer_chain_dmp_hp0_axil__GB0 pair_sum_low_pipe_reg[0][3]_61 : 0 0 : 67 67 : Used 1 time 100
 Sort Area is gestureflow_layer_chain_dmp_hp0_axil__GB0 pair_sum_low_pipe_reg[1][0]_52 : 0 0 : 67 67 : Used 1 time 100
 Sort Area is gestureflow_layer_chain_dmp_hp0_axil__GB0 pair_sum_low_pipe_reg[1][1]_53 : 0 0 : 67 67 : Used 1 time 100
 Sort Area is gestureflow_layer_chain_dmp_hp0_axil__GB0 pair_sum_low_pipe_reg[1][2]_54 : 0 0 : 67 67 : Used 1 time 100
 Sort Area is gestureflow_layer_chain_dmp_hp0_axil__GB0 pair_sum_low_pipe_reg[1][3]_55 : 0 0 : 67 67 : Used 1 time 100
 Sort Area is gestureflow_layer_chain_dmp_hp0_axil__GB0 pair_sum_low_pipe_reg[2][0]_46 : 0 0 : 67 67 : Used 1 time 100
 Sort Area is gestureflow_layer_chain_dmp_hp0_axil__GB0 pair_sum_low_pipe_reg[2][1]_47 : 0 0 : 67 67 : Used 1 time 100
 Sort Area is gestureflow_layer_chain_dmp_hp0_axil__GB0 pair_sum_low_pipe_reg[2][2]_48 : 0 0 : 67 67 : Used 1 time 100
 Sort Area is gestureflow_layer_chain_dmp_hp0_axil__GB0 pair_sum_low_pipe_reg[2][3]_49 : 0 0 : 67 67 : Used 1 time 100
 Sort Area is gestureflow_layer_chain_dmp_hp0_axil__GB0 pair_sum_low_pipe_reg[3][0]_3a : 0 0 : 67 67 : Used 1 time 100
 Sort Area is gestureflow_layer_chain_dmp_hp0_axil__GB0 pair_sum_low_pipe_reg[3][1]_3b : 0 0 : 67 67 : Used 1 time 100
 Sort Area is gestureflow_layer_chain_dmp_hp0_axil__GB0 pair_sum_low_pipe_reg[3][2]_3c : 0 0 : 67 67 : Used 1 time 100
 Sort Area is gestureflow_layer_chain_dmp_hp0_axil__GB0 pair_sum_low_pipe_reg[3][3]_3d : 0 0 : 67 67 : Used 1 time 100
 Sort Area is gestureflow_layer_chain_dmp_hp0_axil__GB0 pair_sum_low_pipe_reg[4][0]_2e : 0 0 : 67 67 : Used 1 time 100
 Sort Area is gestureflow_layer_chain_dmp_hp0_axil__GB0 pair_sum_low_pipe_reg[4][1]_2f : 0 0 : 67 67 : Used 1 time 100
 Sort Area is gestureflow_layer_chain_dmp_hp0_axil__GB0 pair_sum_low_pipe_reg[4][2]_30 : 0 0 : 67 67 : Used 1 time 100
 Sort Area is gestureflow_layer_chain_dmp_hp0_axil__GB0 pair_sum_low_pipe_reg[4][3]_31 : 0 0 : 67 67 : Used 1 time 100
 Sort Area is gestureflow_layer_chain_dmp_hp0_axil__GB0 pair_sum_low_pipe_reg[5][0]_22 : 0 0 : 67 67 : Used 1 time 100
 Sort Area is gestureflow_layer_chain_dmp_hp0_axil__GB0 pair_sum_low_pipe_reg[5][1]_23 : 0 0 : 67 67 : Used 1 time 100
 Sort Area is gestureflow_layer_chain_dmp_hp0_axil__GB0 pair_sum_low_pipe_reg[5][2]_24 : 0 0 : 67 67 : Used 1 time 100
 Sort Area is gestureflow_layer_chain_dmp_hp0_axil__GB0 pair_sum_low_pipe_reg[5][3]_25 : 0 0 : 67 67 : Used 1 time 100
 Sort Area is gestureflow_layer_chain_dmp_hp0_axil__GB0 pair_sum_low_pipe_reg[6][0]_16 : 0 0 : 67 67 : Used 1 time 100
 Sort Area is gestureflow_layer_chain_dmp_hp0_axil__GB0 pair_sum_low_pipe_reg[6][1]_17 : 0 0 : 67 67 : Used 1 time 100
 Sort Area is gestureflow_layer_chain_dmp_hp0_axil__GB0 pair_sum_low_pipe_reg[6][2]_18 : 0 0 : 67 67 : Used 1 time 100
 Sort Area is gestureflow_layer_chain_dmp_hp0_axil__GB0 pair_sum_low_pipe_reg[6][3]_19 : 0 0 : 67 67 : Used 1 time 100
 Sort Area is gestureflow_layer_chain_dmp_hp0_axil__GB0 pair_sum_low_pipe_reg[7][0]_9 : 0 0 : 67 67 : Used 1 time 100
 Sort Area is gestureflow_layer_chain_dmp_hp0_axil__GB0 pair_sum_low_pipe_reg[7][1]_b : 0 0 : 67 67 : Used 1 time 100
 Sort Area is gestureflow_layer_chain_dmp_hp0_axil__GB0 pair_sum_low_pipe_reg[7][2]_c : 0 0 : 67 67 : Used 1 time 100
 Sort Area is gestureflow_layer_chain_dmp_hp0_axil__GB0 pair_sum_low_pipe_reg[7][3]_d : 0 0 : 67 67 : Used 1 time 100
 Sort Area is gestureflow_layer_chain_dmp_hp0_axil__GB3 p_0_out_3 : 0 0 : 3101 5754 : Used 1 time 0
 Sort Area is gestureflow_layer_chain_dmp_hp0_axil__GB3 p_0_out_3 : 0 1 : 2653 5754 : Used 1 time 0
 Sort Area is gestureflow_layer_chain_dmp_hp0_axil__GB3 p_2_out_7 : 0 0 : 3101 5754 : Used 1 time 0
 Sort Area is gestureflow_layer_chain_dmp_hp0_axil__GB3 p_2_out_7 : 0 1 : 2653 5754 : Used 1 time 0
 Sort Area is gestureflow_layer_chain_dmp_hp0_axil__GB3 p_2_out_9 : 0 0 : 3101 5754 : Used 1 time 0
 Sort Area is gestureflow_layer_chain_dmp_hp0_axil__GB3 p_2_out_9 : 0 1 : 2653 5754 : Used 1 time 0
 Sort Area is gestureflow_layer_chain_dmp_hp0_axil__GB3 p_2_out_b : 0 0 : 3101 5754 : Used 1 time 0
 Sort Area is gestureflow_layer_chain_dmp_hp0_axil__GB3 p_2_out_b : 0 1 : 2653 5754 : Used 1 time 0
 Sort Area is gestureflow_layer_chain_dmp_hp0_axil__GB3 p_0_out_0 : 0 0 : 2634 5119 : Used 1 time 0
 Sort Area is gestureflow_layer_chain_dmp_hp0_axil__GB3 p_0_out_0 : 0 1 : 2485 5119 : Used 1 time 0
 Sort Area is gestureflow_layer_chain_dmp_hp0_axil__GB3 p_2_out_6 : 0 0 : 2634 5119 : Used 1 time 0
 Sort Area is gestureflow_layer_chain_dmp_hp0_axil__GB3 p_2_out_6 : 0 1 : 2485 5119 : Used 1 time 0
 Sort Area is gestureflow_layer_chain_dmp_hp0_axil__GB3 p_2_out_8 : 0 0 : 2634 5119 : Used 1 time 0
 Sort Area is gestureflow_layer_chain_dmp_hp0_axil__GB3 p_2_out_8 : 0 1 : 2485 5119 : Used 1 time 0
 Sort Area is gestureflow_layer_chain_dmp_hp0_axil__GB3 p_2_out_a : 0 0 : 2634 5119 : Used 1 time 0
 Sort Area is gestureflow_layer_chain_dmp_hp0_axil__GB3 p_2_out_a : 0 1 : 2485 5119 : Used 1 time 0
 Sort Area is gestureflow_layer_chain_dmp_hp0_axil__GB5 fnv_step_return_0 : 0 0 : 1454 2434 : Used 1 time 0
 Sort Area is gestureflow_layer_chain_dmp_hp0_axil__GB5 fnv_step_return_0 : 0 1 : 980 2434 : Used 1 time 0
 Sort Area is gestureflow_layer_chain_dmp_hp0_axil__GB5 fnv_step_return_3 : 0 0 : 1454 2434 : Used 1 time 0
 Sort Area is gestureflow_layer_chain_dmp_hp0_axil__GB5 fnv_step_return_3 : 0 1 : 980 2434 : Used 1 time 0
 Sort Area is gestureflow_layer_chain_dmp_hp0_axil__GB1 output_write_addr_0 : 0 0 : 1567 1567 : Used 1 time 0
 Sort Area is gestureflow_layer_chain_dmp_hp0_axil__GB6 state3_0 : 0 0 : 554 554 : Used 1 time 0
 Sort Area is gestureflow_layer_chain_dmp_hp0_axil__GB7 state2_0 : 0 0 : 548 548 : Used 1 time 0
 Sort Area is gestureflow_layer_chain_dmp_hp0_axil__GB4 cfg_expected_words1_0 : 0 0 : 329 329 : Used 1 time 0
---------------------------------------------------------------------------------
Start ROM, RAM, DSP, Shift Register and Retiming Reporting
---------------------------------------------------------------------------------

ROM: Preliminary Mapping Report
+-------------------------+----------------+---------------+----------------+
|Module Name              | RTL Object     | Depth x Width | Implemented As | 
+-------------------------+----------------+---------------+----------------+
|gestureflow_requant_relu | (null)[0].mask | 32x32         | LUT            | 
|gestureflow_requant_relu | (null)[0].mask | 32x32         | LUT            | 
|gestureflow_requant_relu | (null)[0].mask | 32x32         | LUT            | 
|gestureflow_requant_relu | (null)[0].mask | 32x32         | LUT            | 
+-------------------------+----------------+---------------+----------------+


Block RAM: Preliminary Mapping Report (see note below)
+-----------------------------------------------+-------------------------------------------------+------------------------+---+---+------------------------+---+---+------------------+--------+--------+-----------------+
|Module Name                                    | RTL Object                                      | PORT A (Depth x Width) | W | R | PORT B (Depth x Width) | W | R | Ports driving FF | RAMB18 | RAMB36 | Cascade Heights | 
+-----------------------------------------------+-------------------------------------------------+------------------------+---+---+------------------------+---+---+------------------+--------+--------+-----------------+
|stream/same_window                             | line_window/line_delay[0].delay_bank/memory_reg | 128 x 128(READ_FIRST)  | W | R |                        |   |   | Port A           | 0      | 2      |                 | 
|stream/same_window                             | line_window/line_delay[1].delay_bank/memory_reg | 128 x 128(READ_FIRST)  | W |   | 128 x 128(WRITE_FIRST) |   | R | Port A and B     | 0      | 2      |                 | 
|stream/same_window                             | line_window/line_delay[2].delay_bank/memory_reg | 128 x 128(READ_FIRST)  | W |   | 128 x 128(WRITE_FIRST) |   | R | Port A and B     | 0      | 2      |                 | 
|stream/mac_tile                                | pair_weight_banks[0].weight_bank/memory_reg     | 64 x 192(READ_FIRST)   | W |   | 64 x 192(WRITE_FIRST)  |   | R | Port A and B     | 0      | 3      |                 | 
|stream/mac_tile                                | pair_weight_banks[1].weight_bank/memory_reg     | 64 x 192(READ_FIRST)   | W |   | 64 x 192(WRITE_FIRST)  |   | R | Port A and B     | 0      | 3      |                 | 
|stream/mac_tile                                | pair_weight_banks[2].weight_bank/memory_reg     | 64 x 192(READ_FIRST)   | W |   | 64 x 192(WRITE_FIRST)  |   | R | Port A and B     | 0      | 3      |                 | 
|stream/mac_tile                                | pair_weight_banks[3].weight_bank/memory_reg     | 64 x 192(READ_FIRST)   | W |   | 64 x 192(WRITE_FIRST)  |   | R | Port A and B     | 0      | 3      |                 | 
|stream/mac_tile                                | pair_weight_banks[4].weight_bank/memory_reg     | 64 x 192(READ_FIRST)   | W |   | 64 x 192(WRITE_FIRST)  |   | R | Port A and B     | 0      | 3      |                 | 
|stream/mac_tile                                | pair_weight_banks[5].weight_bank/memory_reg     | 64 x 192(READ_FIRST)   | W |   | 64 x 192(WRITE_FIRST)  |   | R | Port A and B     | 0      | 3      |                 | 
|stream/mac_tile                                | pair_weight_banks[6].weight_bank/memory_reg     | 64 x 192(READ_FIRST)   | W |   | 64 x 192(WRITE_FIRST)  |   | R | Port A and B     | 0      | 3      |                 | 
|stream/mac_tile                                | pair_weight_banks[7].weight_bank/memory_reg     | 64 x 192(READ_FIRST)   | W |   | 64 x 192(WRITE_FIRST)  |   | R | Port A and B     | 0      | 3      |                 | 
|\gen_relay_banks.bank1/gen_slice[0].slice_mem  | storage_reg                                     | 4 K x 128(READ_FIRST)  | W |   | 4 K x 128(WRITE_FIRST) |   | R | Port A and B     | 1      | 14     | 4,4,4,2,1       | 
|\gen_relay_banks.bank1/gen_slice[1].slice_mem  | storage_reg                                     | 4 K x 128(READ_FIRST)  | W |   | 4 K x 128(WRITE_FIRST) |   | R | Port A and B     | 1      | 14     | 4,4,4,2,1       | 
|\gen_relay_banks.bank1/gen_slice[2].slice_mem  | storage_reg                                     | 4 K x 128(READ_FIRST)  | W |   | 4 K x 128(WRITE_FIRST) |   | R | Port A and B     | 1      | 14     | 4,4,4,2,1       | 
|\gen_relay_banks.bank1/gen_slice[3].slice_mem  | storage_reg                                     | 4 K x 128(READ_FIRST)  | W |   | 4 K x 128(WRITE_FIRST) |   | R | Port A and B     | 1      | 14     | 4,4,4,2,1       | 
|\gen_relay_banks.bank0/gen_slice[0].slice_mem  | storage_reg                                     | 4 K x 128(READ_FIRST)  | W |   | 4 K x 128(WRITE_FIRST) |   | R | Port A and B     | 1      | 14     | 4,4,4,2,1       | 
|\gen_relay_banks.bank0/gen_slice[1].slice_mem  | storage_reg                                     | 4 K x 128(READ_FIRST)  | W |   | 4 K x 128(WRITE_FIRST) |   | R | Port A and B     | 1      | 14     | 4,4,4,2,1       | 
|\gen_relay_banks.bank0/gen_slice[2].slice_mem  | storage_reg                                     | 4 K x 128(READ_FIRST)  | W |   | 4 K x 128(WRITE_FIRST) |   | R | Port A and B     | 1      | 14     | 4,4,4,2,1       | 
|\gen_relay_banks.bank0/gen_slice[3].slice_mem  | storage_reg                                     | 4 K x 128(READ_FIRST)  | W |   | 4 K x 128(WRITE_FIRST) |   | R | Port A and B     | 1      | 14     | 4,4,4,2,1       | 
+-----------------------------------------------+-------------------------------------------------+------------------------+---+---+------------------------+---+---+------------------+--------+--------+-----------------+

Note: The table above is a preliminary report that shows the Block RAMs at the current stage of the synthesis flow. Some Block RAMs may be reimplemented as non Block RAM primitives later in the synthesis flow. Multiple instantiated Block RAMs are reported only once. 

Distributed RAM: Preliminary Mapping Report (see note below)
+------------------+---------------+-----------+----------------------+----------------+
|Module Name       | RTL Object    | Inference | Size (Depth x Width) | Primitives     | 
+------------------+---------------+-----------+----------------------+----------------+
|weight_dma_loader | beat_fifo_reg | Implied   | 16 x 64              | RAM32M16 x 5   | 
|tensor_loader     | beat_fifo_reg | Implied   | 16 x 64              | RAM32M16 x 10  | 
+------------------+---------------+-----------+----------------------+----------------+

Note: The table above is a preliminary report that shows the Distributed RAMs at the current stage of the synthesis flow. Some Distributed RAMs may be reimplemented as non Distributed RAM primitives later in the synthesis flow. Multiple instantiated RAMs are reported only once.

DSP: Preliminary Mapping Report (see note below. The ' indicates corresponding REG is set)
+------------------------------------------+----------------------------+--------+--------+--------+--------+--------+------+------+------+------+-------+------+------+
|Module Name                               | DSP Mapping                | A Size | B Size | C Size | D Size | P Size | AREG | BREG | CREG | DREG | ADREG | MREG | PREG | 
+------------------------------------------+----------------------------+--------+--------+--------+--------+--------+------+------+------+------+-------+------+------+
|gestureflow_layer_chain_dmp_hp0_axil      | C'+A2*B                    | 14     | 14     | 14     | -      | 14     | 1    | 0    | 1    | -    | -     | 0    | 0    | 
|gestureflow_mac_tile_dmp                  | (A*B)'                     | 25     | 9      | -      | -      | 34     | 0    | 0    | -    | -    | -     | 1    | 0    | 
|gestureflow_mac_tile_dmp                  | (A*B)'                     | 25     | 9      | -      | -      | 34     | 0    | 0    | -    | -    | -     | 1    | 0    | 
|gestureflow_mac_tile_dmp                  | (A*B)'                     | 25     | 9      | -      | -      | 34     | 0    | 0    | -    | -    | -     | 1    | 0    | 
|gestureflow_mac_tile_dmp                  | (A*B)'                     | 25     | 9      | -      | -      | 34     | 0    | 0    | -    | -    | -     | 1    | 0    | 
|gestureflow_mac_tile_dmp                  | (A*B)'                     | 25     | 9      | -      | -      | 34     | 0    | 0    | -    | -    | -     | 1    | 0    | 
|gestureflow_mac_tile_dmp                  | (A*B)'                     | 25     | 9      | -      | -      | 34     | 0    | 0    | -    | -    | -     | 1    | 0    | 
|gestureflow_mac_tile_dmp                  | (A*B)'                     | 25     | 9      | -      | -      | 34     | 0    | 0    | -    | -    | -     | 1    | 0    | 
|gestureflow_mac_tile_dmp                  | (A*B)'                     | 25     | 9      | -      | -      | 34     | 0    | 0    | -    | -    | -     | 1    | 0    | 
|gestureflow_mac_tile_dmp                  | (C+(A:0x0):B)'             | 30     | 16     | 16     | -      | 17     | 0    | 0    | 0    | -    | -     | 0    | 1    | 
|gestureflow_mac_tile_dmp                  | (C+(A:0x0):B)'             | 30     | 16     | 16     | -      | 17     | 0    | 0    | 0    | -    | -     | 0    | 1    | 
|gestureflow_mac_tile_dmp                  | (C+(A:0x0):B)'             | 30     | 16     | 16     | -      | 17     | 0    | 0    | 0    | -    | -     | 0    | 1    | 
|gestureflow_mac_tile_dmp                  | (C+(A:0x0):B)'             | 30     | 16     | 16     | -      | 17     | 0    | 0    | 0    | -    | -     | 0    | 1    | 
|gestureflow_mac_tile_dmp                  | (A*B)'                     | 25     | 9      | -      | -      | 34     | 0    | 0    | -    | -    | -     | 1    | 0    | 
|gestureflow_mac_tile_dmp                  | (A*B)'                     | 25     | 9      | -      | -      | 34     | 0    | 0    | -    | -    | -     | 1    | 0    | 
|gestureflow_mac_tile_dmp                  | (A*B)'                     | 25     | 9      | -      | -      | 34     | 0    | 0    | -    | -    | -     | 1    | 0    | 
|gestureflow_mac_tile_dmp                  | (A*B)'                     | 25     | 9      | -      | -      | 34     | 0    | 0    | -    | -    | -     | 1    | 0    | 
|gestureflow_mac_tile_dmp                  | (A*B)'                     | 25     | 9      | -      | -      | 34     | 0    | 0    | -    | -    | -     | 1    | 0    | 
|gestureflow_mac_tile_dmp                  | (A*B)'                     | 25     | 9      | -      | -      | 34     | 0    | 0    | -    | -    | -     | 1    | 0    | 
|gestureflow_mac_tile_dmp                  | (A*B)'                     | 25     | 9      | -      | -      | 34     | 0    | 0    | -    | -    | -     | 1    | 0    | 
|gestureflow_mac_tile_dmp                  | (A*B)'                     | 25     | 9      | -      | -      | 34     | 0    | 0    | -    | -    | -     | 1    | 0    | 
|gestureflow_mac_tile_dmp                  | (C+(A:0x0):B)'             | 30     | 16     | 16     | -      | 17     | 0    | 0    | 0    | -    | -     | 0    | 1    | 
|gestureflow_mac_tile_dmp                  | (C+(A:0x0):B)'             | 30     | 16     | 16     | -      | 17     | 0    | 0    | 0    | -    | -     | 0    | 1    | 
|gestureflow_mac_tile_dmp                  | (C+(A:0x0):B)'             | 30     | 16     | 16     | -      | 17     | 0    | 0    | 0    | -    | -     | 0    | 1    | 
|gestureflow_mac_tile_dmp                  | (C+(A:0x0):B)'             | 30     | 16     | 16     | -      | 17     | 0    | 0    | 0    | -    | -     | 0    | 1    | 
|gestureflow_mac_tile_dmp                  | (A*B)'                     | 25     | 9      | -      | -      | 34     | 0    | 0    | -    | -    | -     | 1    | 0    | 
|gestureflow_mac_tile_dmp                  | (A*B)'                     | 25     | 9      | -      | -      | 34     | 0    | 0    | -    | -    | -     | 1    | 0    | 
|gestureflow_mac_tile_dmp                  | (A*B)'                     | 25     | 9      | -      | -      | 34     | 0    | 0    | -    | -    | -     | 1    | 0    | 
|gestureflow_mac_tile_dmp                  | (A*B)'                     | 25     | 9      | -      | -      | 34     | 0    | 0    | -    | -    | -     | 1    | 0    | 
|gestureflow_mac_tile_dmp                  | (A*B)'                     | 25     | 9      | -      | -      | 34     | 0    | 0    | -    | -    | -     | 1    | 0    | 
|gestureflow_mac_tile_dmp                  | (A*B)'                     | 25     | 9      | -      | -      | 34     | 0    | 0    | -    | -    | -     | 1    | 0    | 
|gestureflow_mac_tile_dmp                  | (A*B)'                     | 25     | 9      | -      | -      | 34     | 0    | 0    | -    | -    | -     | 1    | 0    | 
|gestureflow_mac_tile_dmp                  | (A*B)'                     | 25     | 9      | -      | -      | 34     | 0    | 0    | -    | -    | -     | 1    | 0    | 
|gestureflow_mac_tile_dmp                  | (C+(A:0x0):B)'             | 30     | 16     | 16     | -      | 17     | 0    | 0    | 0    | -    | -     | 0    | 1    | 
|gestureflow_mac_tile_dmp                  | (C+(A:0x0):B)'             | 30     | 16     | 16     | -      | 17     | 0    | 0    | 0    | -    | -     | 0    | 1    | 
|gestureflow_mac_tile_dmp                  | (C+(A:0x0):B)'             | 30     | 16     | 16     | -      | 17     | 0    | 0    | 0    | -    | -     | 0    | 1    | 
|gestureflow_mac_tile_dmp                  | (C+(A:0x0):B)'             | 30     | 16     | 16     | -      | 17     | 0    | 0    | 0    | -    | -     | 0    | 1    | 
|gestureflow_mac_tile_dmp                  | (A*B)'                     | 25     | 9      | -      | -      | 34     | 0    | 0    | -    | -    | -     | 1    | 0    | 
|gestureflow_mac_tile_dmp                  | (A*B)'                     | 25     | 9      | -      | -      | 34     | 0    | 0    | -    | -    | -     | 1    | 0    | 
|gestureflow_mac_tile_dmp                  | (A*B)'                     | 25     | 9      | -      | -      | 34     | 0    | 0    | -    | -    | -     | 1    | 0    | 
|gestureflow_mac_tile_dmp                  | (A*B)'                     | 25     | 9      | -      | -      | 34     | 0    | 0    | -    | -    | -     | 1    | 0    | 
|gestureflow_mac_tile_dmp                  | (A*B)'                     | 25     | 9      | -      | -      | 34     | 0    | 0    | -    | -    | -     | 1    | 0    | 
|gestureflow_mac_tile_dmp                  | (A*B)'                     | 25     | 9      | -      | -      | 34     | 0    | 0    | -    | -    | -     | 1    | 0    | 
|gestureflow_mac_tile_dmp                  | (A*B)'                     | 25     | 9      | -      | -      | 34     | 0    | 0    | -    | -    | -     | 1    | 0    | 
|gestureflow_mac_tile_dmp                  | (A*B)'                     | 25     | 9      | -      | -      | 34     | 0    | 0    | -    | -    | -     | 1    | 0    | 
|gestureflow_mac_tile_dmp                  | (C+(A:0x0):B)'             | 30     | 16     | 16     | -      | 17     | 0    | 0    | 0    | -    | -     | 0    | 1    | 
|gestureflow_mac_tile_dmp                  | (C+(A:0x0):B)'             | 30     | 16     | 16     | -      | 17     | 0    | 0    | 0    | -    | -     | 0    | 1    | 
|gestureflow_mac_tile_dmp                  | (C+(A:0x0):B)'             | 30     | 16     | 16     | -      | 17     | 0    | 0    | 0    | -    | -     | 0    | 1    | 
|gestureflow_mac_tile_dmp                  | (C+(A:0x0):B)'             | 30     | 16     | 16     | -      | 17     | 0    | 0    | 0    | -    | -     | 0    | 1    | 
|gestureflow_mac_tile_dmp                  | (A*B)'                     | 25     | 9      | -      | -      | 34     | 0    | 0    | -    | -    | -     | 1    | 0    | 
|gestureflow_mac_tile_dmp                  | (A*B)'                     | 25     | 9      | -      | -      | 34     | 0    | 0    | -    | -    | -     | 1    | 0    | 
|gestureflow_mac_tile_dmp                  | (A*B)'                     | 25     | 9      | -      | -      | 34     | 0    | 0    | -    | -    | -     | 1    | 0    | 
|gestureflow_mac_tile_dmp                  | (A*B)'                     | 25     | 9      | -      | -      | 34     | 0    | 0    | -    | -    | -     | 1    | 0    | 
|gestureflow_mac_tile_dmp                  | (A*B)'                     | 25     | 9      | -      | -      | 34     | 0    | 0    | -    | -    | -     | 1    | 0    | 
|gestureflow_mac_tile_dmp                  | (A*B)'                     | 25     | 9      | -      | -      | 34     | 0    | 0    | -    | -    | -     | 1    | 0    | 
|gestureflow_mac_tile_dmp                  | (A*B)'                     | 25     | 9      | -      | -      | 34     | 0    | 0    | -    | -    | -     | 1    | 0    | 
|gestureflow_mac_tile_dmp                  | (A*B)'                     | 25     | 9      | -      | -      | 34     | 0    | 0    | -    | -    | -     | 1    | 0    | 
|gestureflow_mac_tile_dmp                  | (C+(A:0x0):B)'             | 30     | 16     | 16     | -      | 17     | 0    | 0    | 0    | -    | -     | 0    | 1    | 
|gestureflow_mac_tile_dmp                  | (C+(A:0x0):B)'             | 30     | 16     | 16     | -      | 17     | 0    | 0    | 0    | -    | -     | 0    | 1    | 
|gestureflow_mac_tile_dmp                  | (C+(A:0x0):B)'             | 30     | 16     | 16     | -      | 17     | 0    | 0    | 0    | -    | -     | 0    | 1    | 
|gestureflow_mac_tile_dmp                  | (C+(A:0x0):B)'             | 30     | 16     | 16     | -      | 17     | 0    | 0    | 0    | -    | -     | 0    | 1    | 
|gestureflow_mac_tile_dmp                  | (A*B)'                     | 25     | 9      | -      | -      | 34     | 0    | 0    | -    | -    | -     | 1    | 0    | 
|gestureflow_mac_tile_dmp                  | (A*B)'                     | 25     | 9      | -      | -      | 34     | 0    | 0    | -    | -    | -     | 1    | 0    | 
|gestureflow_mac_tile_dmp                  | (A*B)'                     | 25     | 9      | -      | -      | 34     | 0    | 0    | -    | -    | -     | 1    | 0    | 
|gestureflow_mac_tile_dmp                  | (A*B)'                     | 25     | 9      | -      | -      | 34     | 0    | 0    | -    | -    | -     | 1    | 0    | 
|gestureflow_mac_tile_dmp                  | (A*B)'                     | 25     | 9      | -      | -      | 34     | 0    | 0    | -    | -    | -     | 1    | 0    | 
|gestureflow_mac_tile_dmp                  | (A*B)'                     | 25     | 9      | -      | -      | 34     | 0    | 0    | -    | -    | -     | 1    | 0    | 
|gestureflow_mac_tile_dmp                  | (A*B)'                     | 25     | 9      | -      | -      | 34     | 0    | 0    | -    | -    | -     | 1    | 0    | 
|gestureflow_mac_tile_dmp                  | (A*B)'                     | 25     | 9      | -      | -      | 34     | 0    | 0    | -    | -    | -     | 1    | 0    | 
|gestureflow_mac_tile_dmp                  | (C+(A:0x0):B)'             | 30     | 16     | 16     | -      | 17     | 0    | 0    | 0    | -    | -     | 0    | 1    | 
|gestureflow_mac_tile_dmp                  | (C+(A:0x0):B)'             | 30     | 16     | 16     | -      | 17     | 0    | 0    | 0    | -    | -     | 0    | 1    | 
|gestureflow_mac_tile_dmp                  | (C+(A:0x0):B)'             | 30     | 16     | 16     | -      | 17     | 0    | 0    | 0    | -    | -     | 0    | 1    | 
|gestureflow_mac_tile_dmp                  | (C+(A:0x0):B)'             | 30     | 16     | 16     | -      | 17     | 0    | 0    | 0    | -    | -     | 0    | 1    | 
|gestureflow_mac_tile_dmp                  | (A*B)'                     | 25     | 9      | -      | -      | 34     | 0    | 0    | -    | -    | -     | 1    | 0    | 
|gestureflow_mac_tile_dmp                  | (A*B)'                     | 25     | 9      | -      | -      | 34     | 0    | 0    | -    | -    | -     | 1    | 0    | 
|gestureflow_mac_tile_dmp                  | (A*B)'                     | 25     | 9      | -      | -      | 34     | 0    | 0    | -    | -    | -     | 1    | 0    | 
|gestureflow_mac_tile_dmp                  | (A*B)'                     | 25     | 9      | -      | -      | 34     | 0    | 0    | -    | -    | -     | 1    | 0    | 
|gestureflow_mac_tile_dmp                  | (A*B)'                     | 25     | 9      | -      | -      | 34     | 0    | 0    | -    | -    | -     | 1    | 0    | 
|gestureflow_mac_tile_dmp                  | (A*B)'                     | 25     | 9      | -      | -      | 34     | 0    | 0    | -    | -    | -     | 1    | 0    | 
|gestureflow_mac_tile_dmp                  | (A*B)'                     | 25     | 9      | -      | -      | 34     | 0    | 0    | -    | -    | -     | 1    | 0    | 
|gestureflow_mac_tile_dmp                  | (A*B)'                     | 25     | 9      | -      | -      | 34     | 0    | 0    | -    | -    | -     | 1    | 0    | 
|gestureflow_mac_tile_dmp                  | (C+(A:0x0):B)'             | 30     | 16     | 16     | -      | 17     | 0    | 0    | 0    | -    | -     | 0    | 1    | 
|gestureflow_mac_tile_dmp                  | (C+(A:0x0):B)'             | 30     | 16     | 16     | -      | 17     | 0    | 0    | 0    | -    | -     | 0    | 1    | 
|gestureflow_mac_tile_dmp                  | (C+(A:0x0):B)'             | 30     | 16     | 16     | -      | 17     | 0    | 0    | 0    | -    | -     | 0    | 1    | 
|gestureflow_mac_tile_dmp                  | (C+(A:0x0):B)'             | 30     | 16     | 16     | -      | 17     | 0    | 0    | 0    | -    | -     | 0    | 1    | 
|gestureflow_mac_tile_dmp                  | (A*B)'                     | 25     | 9      | -      | -      | 34     | 0    | 0    | -    | -    | -     | 1    | 0    | 
|gestureflow_mac_tile_dmp                  | (A*B)'                     | 25     | 9      | -      | -      | 34     | 0    | 0    | -    | -    | -     | 1    | 0    | 
|gestureflow_mac_tile_dmp                  | (A*B)'                     | 25     | 9      | -      | -      | 34     | 0    | 0    | -    | -    | -     | 1    | 0    | 
|gestureflow_mac_tile_dmp                  | (A*B)'                     | 25     | 9      | -      | -      | 34     | 0    | 0    | -    | -    | -     | 1    | 0    | 
|gestureflow_mac_tile_dmp                  | (A*B)'                     | 25     | 9      | -      | -      | 34     | 0    | 0    | -    | -    | -     | 1    | 0    | 
|gestureflow_mac_tile_dmp                  | (A*B)'                     | 25     | 9      | -      | -      | 34     | 0    | 0    | -    | -    | -     | 1    | 0    | 
|gestureflow_mac_tile_dmp                  | (A*B)'                     | 25     | 9      | -      | -      | 34     | 0    | 0    | -    | -    | -     | 1    | 0    | 
|gestureflow_mac_tile_dmp                  | (A*B)'                     | 25     | 9      | -      | -      | 34     | 0    | 0    | -    | -    | -     | 1    | 0    | 
|gestureflow_mac_tile_dmp                  | (C+(A:0x0):B)'             | 30     | 16     | 16     | -      | 17     | 0    | 0    | 0    | -    | -     | 0    | 1    | 
|gestureflow_mac_tile_dmp                  | (C+(A:0x0):B)'             | 30     | 16     | 16     | -      | 17     | 0    | 0    | 0    | -    | -     | 0    | 1    | 
|gestureflow_mac_tile_dmp                  | (C+(A:0x0):B)'             | 30     | 16     | 16     | -      | 17     | 0    | 0    | 0    | -    | -     | 0    | 1    | 
|gestureflow_mac_tile_dmp                  | (C+(A:0x0):B)'             | 30     | 16     | 16     | -      | 17     | 0    | 0    | 0    | -    | -     | 0    | 1    | 
|gestureflow_requant_relu                  | A*B                        | 18     | 18     | -      | -      | 48     | 0    | 0    | -    | -    | -     | 0    | 0    | 
|gestureflow_requant_relu                  | (PCIN>>17)+A*B             | 18     | 15     | -      | -      | 48     | 0    | 0    | -    | -    | -     | 0    | 0    | 
|gestureflow_requant_relu                  | A*B                        | 18     | 15     | -      | -      | 48     | 0    | 0    | -    | -    | -     | 0    | 0    | 
|gestureflow_requant_relu                  | (PCIN>>17)+A*B             | 15     | 15     | -      | -      | 48     | 0    | 0    | -    | -    | -     | 0    | 0    | 
|gestureflow_requant_relu                  | A*B                        | 18     | 18     | -      | -      | 48     | 0    | 0    | -    | -    | -     | 0    | 0    | 
|gestureflow_requant_relu                  | (PCIN>>17)+A*B             | 18     | 15     | -      | -      | 48     | 0    | 0    | -    | -    | -     | 0    | 0    | 
|gestureflow_requant_relu                  | A*B                        | 18     | 15     | -      | -      | 48     | 0    | 0    | -    | -    | -     | 0    | 0    | 
|gestureflow_requant_relu                  | (PCIN>>17)+A*B             | 15     | 15     | -      | -      | 48     | 0    | 0    | -    | -    | -     | 0    | 0    | 
|gestureflow_requant_relu                  | A*B                        | 18     | 18     | -      | -      | 48     | 0    | 0    | -    | -    | -     | 0    | 0    | 
|gestureflow_requant_relu                  | (PCIN>>17)+A*B             | 18     | 15     | -      | -      | 48     | 0    | 0    | -    | -    | -     | 0    | 0    | 
|gestureflow_requant_relu                  | A*B                        | 18     | 15     | -      | -      | 48     | 0    | 0    | -    | -    | -     | 0    | 0    | 
|gestureflow_requant_relu                  | (PCIN>>17)+A*B             | 15     | 15     | -      | -      | 48     | 0    | 0    | -    | -    | -     | 0    | 0    | 
|gestureflow_requant_relu                  | A*B                        | 18     | 18     | -      | -      | 48     | 0    | 0    | -    | -    | -     | 0    | 0    | 
|gestureflow_requant_relu                  | (PCIN>>17)+A*B             | 18     | 15     | -      | -      | 48     | 0    | 0    | -    | -    | -     | 0    | 0    | 
|gestureflow_requant_relu                  | A*B                        | 18     | 15     | -      | -      | 48     | 0    | 0    | -    | -    | -     | 0    | 0    | 
|gestureflow_requant_relu                  | (PCIN>>17)+A*B             | 15     | 15     | -      | -      | 48     | 0    | 0    | -    | -    | -     | 0    | 0    | 
|gestureflow_hp0_weight_dma_loader_dmp     | A2*B2                      | 11     | 5      | -      | -      | 16     | 1    | 1    | -    | -    | -     | 0    | 0    | 
|gestureflow_layer_chain_dmp_hp0_axil__GB5 | (A:0x1000193)*B            | 26     | 18     | -      | -      | 48     | 0    | 0    | -    | -    | -     | 0    | 0    | 
|gestureflow_layer_chain_dmp_hp0_axil__GB5 | (PCIN>>17)+(A:0x1000193)*B | 26     | 16     | -      | -      | 48     | 0    | 0    | -    | -    | -     | 0    | 0    | 
|gestureflow_layer_chain_dmp_hp0_axil__GB5 | (A:0x1000193)*B            | 26     | 18     | -      | -      | 48     | 0    | 0    | -    | -    | -     | 0    | 0    | 
|gestureflow_layer_chain_dmp_hp0_axil__GB5 | (PCIN>>17)+(A:0x1000193)*B | 26     | 16     | -      | -      | 48     | 0    | 0    | -    | -    | -     | 0    | 0    | 
|gestureflow_hp0_tensor_writer             | A*B                        | 14     | 6      | -      | -      | 21     | 0    | 0    | -    | -    | -     | 0    | 0    | 
|gestureflow_hp0_stream_writer             | A*B                        | 14     | 6      | -      | -      | 20     | 0    | 0    | -    | -    | -     | 0    | 0    | 
+------------------------------------------+----------------------------+--------+--------+--------+--------+--------+------+------+------+------+-------+------+------+

Note: The table above is a preliminary report that shows the DSPs inferred at the current stage of the synthesis flow. Some DSP may be reimplemented as non DSP primitives later in the synthesis flow. Multiple instantiated DSPs are reported only once.
---------------------------------------------------------------------------------
Finished ROM, RAM, DSP, Shift Register and Retiming Reporting
---------------------------------------------------------------------------------
No constraint files found.
---------------------------------------------------------------------------------
Start Timing Optimization
---------------------------------------------------------------------------------
---------------------------------------------------------------------------------
Finished Timing Optimization : Time (s): cpu = 00:00:43 ; elapsed = 00:01:44 . Memory (MB): peak = 2244.355 ; gain = 1748.754
---------------------------------------------------------------------------------
---------------------------------------------------------------------------------
Start ROM, RAM, DSP, Shift Register and Retiming Reporting
---------------------------------------------------------------------------------

Block RAM: Final Mapping Report
+-----------------------------------------------+-------------------------------------------------+------------------------+---+---+------------------------+---+---+------------------+--------+--------+-----------------+
|Module Name                                    | RTL Object                                      | PORT A (Depth x Width) | W | R | PORT B (Depth x Width) | W | R | Ports driving FF | RAMB18 | RAMB36 | Cascade Heights | 
+-----------------------------------------------+-------------------------------------------------+------------------------+---+---+------------------------+---+---+------------------+--------+--------+-----------------+
|stream/same_window                             | line_window/line_delay[0].delay_bank/memory_reg | 128 x 128(READ_FIRST)  | W | R |                        |   |   | Port A           | 0      | 2      |                 | 
|stream/same_window                             | line_window/line_delay[1].delay_bank/memory_reg | 128 x 128(READ_FIRST)  | W |   | 128 x 128(WRITE_FIRST) |   | R | Port A and B     | 0      | 2      |                 | 
|stream/same_window                             | line_window/line_delay[2].delay_bank/memory_reg | 128 x 128(READ_FIRST)  | W |   | 128 x 128(WRITE_FIRST) |   | R | Port A and B     | 0      | 2      |                 | 
|stream/mac_tile                                | pair_weight_banks[0].weight_bank/memory_reg     | 64 x 192(READ_FIRST)   | W |   | 64 x 192(WRITE_FIRST)  |   | R | Port A and B     | 0      | 3      |                 | 
|stream/mac_tile                                | pair_weight_banks[1].weight_bank/memory_reg     | 64 x 192(READ_FIRST)   | W |   | 64 x 192(WRITE_FIRST)  |   | R | Port A and B     | 0      | 3      |                 | 
|stream/mac_tile                                | pair_weight_banks[2].weight_bank/memory_reg     | 64 x 192(READ_FIRST)   | W |   | 64 x 192(WRITE_FIRST)  |   | R | Port A and B     | 0      | 3      |                 | 
|stream/mac_tile                                | pair_weight_banks[3].weight_bank/memory_reg     | 64 x 192(READ_FIRST)   | W |   | 64 x 192(WRITE_FIRST)  |   | R | Port A and B     | 0      | 3      |                 | 
|stream/mac_tile                                | pair_weight_banks[4].weight_bank/memory_reg     | 64 x 192(READ_FIRST)   | W |   | 64 x 192(WRITE_FIRST)  |   | R | Port A and B     | 0      | 3      |                 | 
|stream/mac_tile                                | pair_weight_banks[5].weight_bank/memory_reg     | 64 x 192(READ_FIRST)   | W |   | 64 x 192(WRITE_FIRST)  |   | R | Port A and B     | 0      | 3      |                 | 
|stream/mac_tile                                | pair_weight_banks[6].weight_bank/memory_reg     | 64 x 192(READ_FIRST)   | W |   | 64 x 192(WRITE_FIRST)  |   | R | Port A and B     | 0      | 3      |                 | 
|stream/mac_tile                                | pair_weight_banks[7].weight_bank/memory_reg     | 64 x 192(READ_FIRST)   | W |   | 64 x 192(WRITE_FIRST)  |   | R | Port A and B     | 0      | 3      |                 | 
|\gen_relay_banks.bank1/gen_slice[0].slice_mem  | storage_reg                                     | 4 K x 128(READ_FIRST)  | W |   | 4 K x 128(WRITE_FIRST) |   | R | Port A and B     | 1      | 14     | 4,4,4,2,1       | 
|\gen_relay_banks.bank1/gen_slice[1].slice_mem  | storage_reg                                     | 4 K x 128(READ_FIRST)  | W |   | 4 K x 128(WRITE_FIRST) |   | R | Port A and B     | 1      | 14     | 4,4,4,2,1       | 
|\gen_relay_banks.bank1/gen_slice[2].slice_mem  | storage_reg                                     | 4 K x 128(READ_FIRST)  | W |   | 4 K x 128(WRITE_FIRST) |   | R | Port A and B     | 1      | 14     | 4,4,4,2,1       | 
|\gen_relay_banks.bank1/gen_slice[3].slice_mem  | storage_reg                                     | 4 K x 128(READ_FIRST)  | W |   | 4 K x 128(WRITE_FIRST) |   | R | Port A and B     | 1      | 14     | 4,4,4,2,1       | 
|\gen_relay_banks.bank0/gen_slice[0].slice_mem  | storage_reg                                     | 4 K x 128(READ_FIRST)  | W |   | 4 K x 128(WRITE_FIRST) |   | R | Port A and B     | 1      | 14     | 4,4,4,2,1       | 
|\gen_relay_banks.bank0/gen_slice[1].slice_mem  | storage_reg                                     | 4 K x 128(READ_FIRST)  | W |   | 4 K x 128(WRITE_FIRST) |   | R | Port A and B     | 1      | 14     | 4,4,4,2,1       | 
|\gen_relay_banks.bank0/gen_slice[2].slice_mem  | storage_reg                                     | 4 K x 128(READ_FIRST)  | W |   | 4 K x 128(WRITE_FIRST) |   | R | Port A and B     | 1      | 14     | 4,4,4,2,1       | 
|\gen_relay_banks.bank0/gen_slice[3].slice_mem  | storage_reg                                     | 4 K x 128(READ_FIRST)  | W |   | 4 K x 128(WRITE_FIRST) |   | R | Port A and B     | 1      | 14     | 4,4,4,2,1       | 
+-----------------------------------------------+-------------------------------------------------+------------------------+---+---+------------------------+---+---+------------------+--------+--------+-----------------+


Distributed RAM: Final Mapping Report
+------------------+---------------+-----------+----------------------+----------------+
|Module Name       | RTL Object    | Inference | Size (Depth x Width) | Primitives     | 
+------------------+---------------+-----------+----------------------+----------------+
|weight_dma_loader | beat_fifo_reg | Implied   | 16 x 64              | RAM32M16 x 5   | 
|tensor_loader     | beat_fifo_reg | Implied   | 16 x 64              | RAM32M16 x 10  | 
+------------------+---------------+-----------+----------------------+----------------+

---------------------------------------------------------------------------------
Finished ROM, RAM, DSP, Shift Register and Retiming Reporting
---------------------------------------------------------------------------------
---------------------------------------------------------------------------------
Start Technology Mapping
---------------------------------------------------------------------------------
INFO: [Synth 8-7052] The timing for the instance i_7/gen_relay_banks.bank1/gen_slice[0].slice_mem/storage_reg_bram_3 (implemented as a Block RAM) might be sub-optimal as no optional output register could be merged into the ram block. Providing additional output register may help in improving timing.
INFO: [Synth 8-7052] The timing for the instance i_7/gen_relay_banks.bank1/gen_slice[0].slice_mem/storage_reg_bram_7 (implemented as a Block RAM) might be sub-optimal as no optional output register could be merged into the ram block. Providing additional output register may help in improving timing.
INFO: [Synth 8-7052] The timing for the instance i_7/gen_relay_banks.bank1/gen_slice[0].slice_mem/storage_reg_bram_11 (implemented as a Block RAM) might be sub-optimal as no optional output register could be merged into the ram block. Providing additional output register may help in improving timing.
INFO: [Synth 8-7052] The timing for the instance i_7/gen_relay_banks.bank1/gen_slice[0].slice_mem/storage_reg_bram_13 (implemented as a Block RAM) might be sub-optimal as no optional output register could be merged into the ram block. Providing additional output register may help in improving timing.
INFO: [Synth 8-7052] The timing for the instance i_7/gen_relay_banks.bank1/gen_slice[0].slice_mem/storage_reg_bram_14 (implemented as a Block RAM) might be sub-optimal as no optional output register could be merged into the ram block. Providing additional output register may help in improving timing.
INFO: [Synth 8-7052] The timing for the instance i_7/gen_relay_banks.bank1/gen_slice[1].slice_mem/storage_reg_bram_3 (implemented as a Block RAM) might be sub-optimal as no optional output register could be merged into the ram block. Providing additional output register may help in improving timing.
INFO: [Synth 8-7052] The timing for the instance i_7/gen_relay_banks.bank1/gen_slice[1].slice_mem/storage_reg_bram_7 (implemented as a Block RAM) might be sub-optimal as no optional output register could be merged into the ram block. Providing additional output register may help in improving timing.
INFO: [Synth 8-7052] The timing for the instance i_7/gen_relay_banks.bank1/gen_slice[1].slice_mem/storage_reg_bram_11 (implemented as a Block RAM) might be sub-optimal as no optional output register could be merged into the ram block. Providing additional output register may help in improving timing.
INFO: [Synth 8-7052] The timing for the instance i_7/gen_relay_banks.bank1/gen_slice[1].slice_mem/storage_reg_bram_13 (implemented as a Block RAM) might be sub-optimal as no optional output register could be merged into the ram block. Providing additional output register may help in improving timing.
INFO: [Synth 8-7052] The timing for the instance i_7/gen_relay_banks.bank1/gen_slice[1].slice_mem/storage_reg_bram_14 (implemented as a Block RAM) might be sub-optimal as no optional output register could be merged into the ram block. Providing additional output register may help in improving timing.
INFO: [Synth 8-7052] The timing for the instance i_7/gen_relay_banks.bank1/gen_slice[2].slice_mem/storage_reg_bram_3 (implemented as a Block RAM) might be sub-optimal as no optional output register could be merged into the ram block. Providing additional output register may help in improving timing.
INFO: [Synth 8-7052] The timing for the instance i_7/gen_relay_banks.bank1/gen_slice[2].slice_mem/storage_reg_bram_7 (implemented as a Block RAM) might be sub-optimal as no optional output register could be merged into the ram block. Providing additional output register may help in improving timing.
INFO: [Synth 8-7052] The timing for the instance i_7/gen_relay_banks.bank1/gen_slice[2].slice_mem/storage_reg_bram_11 (implemented as a Block RAM) might be sub-optimal as no optional output register could be merged into the ram block. Providing additional output register may help in improving timing.
INFO: [Synth 8-7052] The timing for the instance i_7/gen_relay_banks.bank1/gen_slice[2].slice_mem/storage_reg_bram_13 (implemented as a Block RAM) might be sub-optimal as no optional output register could be merged into the ram block. Providing additional output register may help in improving timing.
INFO: [Synth 8-7052] The timing for the instance i_7/gen_relay_banks.bank1/gen_slice[2].slice_mem/storage_reg_bram_14 (implemented as a Block RAM) might be sub-optimal as no optional output register could be merged into the ram block. Providing additional output register may help in improving timing.
INFO: [Synth 8-7052] The timing for the instance i_7/gen_relay_banks.bank1/gen_slice[3].slice_mem/storage_reg_bram_3 (implemented as a Block RAM) might be sub-optimal as no optional output register could be merged into the ram block. Providing additional output register may help in improving timing.
INFO: [Synth 8-7052] The timing for the instance i_7/gen_relay_banks.bank1/gen_slice[3].slice_mem/storage_reg_bram_7 (implemented as a Block RAM) might be sub-optimal as no optional output register could be merged into the ram block. Providing additional output register may help in improving timing.
INFO: [Synth 8-7052] The timing for the instance i_7/gen_relay_banks.bank1/gen_slice[3].slice_mem/storage_reg_bram_11 (implemented as a Block RAM) might be sub-optimal as no optional output register could be merged into the ram block. Providing additional output register may help in improving timing.
INFO: [Synth 8-7052] The timing for the instance i_7/gen_relay_banks.bank1/gen_slice[3].slice_mem/storage_reg_bram_13 (implemented as a Block RAM) might be sub-optimal as no optional output register could be merged into the ram block. Providing additional output register may help in improving timing.
INFO: [Synth 8-7052] The timing for the instance i_7/gen_relay_banks.bank1/gen_slice[3].slice_mem/storage_reg_bram_14 (implemented as a Block RAM) might be sub-optimal as no optional output register could be merged into the ram block. Providing additional output register may help in improving timing.
INFO: [Synth 8-7052] The timing for the instance i_7/gen_relay_banks.bank0/gen_slice[0].slice_mem/storage_reg_bram_3 (implemented as a Block RAM) might be sub-optimal as no optional output register could be merged into the ram block. Providing additional output register may help in improving timing.
INFO: [Synth 8-7052] The timing for the instance i_7/gen_relay_banks.bank0/gen_slice[0].slice_mem/storage_reg_bram_7 (implemented as a Block RAM) might be sub-optimal as no optional output register could be merged into the ram block. Providing additional output register may help in improving timing.
INFO: [Synth 8-7052] The timing for the instance i_7/gen_relay_banks.bank0/gen_slice[0].slice_mem/storage_reg_bram_11 (implemented as a Block RAM) might be sub-optimal as no optional output register could be merged into the ram block. Providing additional output register may help in improving timing.
INFO: [Synth 8-7052] The timing for the instance i_7/gen_relay_banks.bank0/gen_slice[0].slice_mem/storage_reg_bram_13 (implemented as a Block RAM) might be sub-optimal as no optional output register could be merged into the ram block. Providing additional output register may help in improving timing.
INFO: [Synth 8-7052] The timing for the instance i_7/gen_relay_banks.bank0/gen_slice[0].slice_mem/storage_reg_bram_14 (implemented as a Block RAM) might be sub-optimal as no optional output register could be merged into the ram block. Providing additional output register may help in improving timing.
INFO: [Synth 8-7052] The timing for the instance i_7/gen_relay_banks.bank0/gen_slice[1].slice_mem/storage_reg_bram_3 (implemented as a Block RAM) might be sub-optimal as no optional output register could be merged into the ram block. Providing additional output register may help in improving timing.
INFO: [Synth 8-7052] The timing for the instance i_7/gen_relay_banks.bank0/gen_slice[1].slice_mem/storage_reg_bram_7 (implemented as a Block RAM) might be sub-optimal as no optional output register could be merged into the ram block. Providing additional output register may help in improving timing.
INFO: [Synth 8-7052] The timing for the instance i_7/gen_relay_banks.bank0/gen_slice[1].slice_mem/storage_reg_bram_11 (implemented as a Block RAM) might be sub-optimal as no optional output register could be merged into the ram block. Providing additional output register may help in improving timing.
INFO: [Synth 8-7052] The timing for the instance i_7/gen_relay_banks.bank0/gen_slice[1].slice_mem/storage_reg_bram_13 (implemented as a Block RAM) might be sub-optimal as no optional output register could be merged into the ram block. Providing additional output register may help in improving timing.
INFO: [Synth 8-7052] The timing for the instance i_7/gen_relay_banks.bank0/gen_slice[1].slice_mem/storage_reg_bram_14 (implemented as a Block RAM) might be sub-optimal as no optional output register could be merged into the ram block. Providing additional output register may help in improving timing.
INFO: [Synth 8-7052] The timing for the instance i_7/gen_relay_banks.bank0/gen_slice[2].slice_mem/storage_reg_bram_3 (implemented as a Block RAM) might be sub-optimal as no optional output register could be merged into the ram block. Providing additional output register may help in improving timing.
INFO: [Synth 8-7052] The timing for the instance i_7/gen_relay_banks.bank0/gen_slice[2].slice_mem/storage_reg_bram_7 (implemented as a Block RAM) might be sub-optimal as no optional output register could be merged into the ram block. Providing additional output register may help in improving timing.
INFO: [Synth 8-7052] The timing for the instance i_7/gen_relay_banks.bank0/gen_slice[2].slice_mem/storage_reg_bram_11 (implemented as a Block RAM) might be sub-optimal as no optional output register could be merged into the ram block. Providing additional output register may help in improving timing.
INFO: [Synth 8-7052] The timing for the instance i_7/gen_relay_banks.bank0/gen_slice[2].slice_mem/storage_reg_bram_13 (implemented as a Block RAM) might be sub-optimal as no optional output register could be merged into the ram block. Providing additional output register may help in improving timing.
INFO: [Synth 8-7052] The timing for the instance i_7/gen_relay_banks.bank0/gen_slice[2].slice_mem/storage_reg_bram_14 (implemented as a Block RAM) might be sub-optimal as no optional output register could be merged into the ram block. Providing additional output register may help in improving timing.
INFO: [Synth 8-7052] The timing for the instance i_7/gen_relay_banks.bank0/gen_slice[3].slice_mem/storage_reg_bram_3 (implemented as a Block RAM) might be sub-optimal as no optional output register could be merged into the ram block. Providing additional output register may help in improving timing.
INFO: [Synth 8-7052] The timing for the instance i_7/gen_relay_banks.bank0/gen_slice[3].slice_mem/storage_reg_bram_7 (implemented as a Block RAM) might be sub-optimal as no optional output register could be merged into the ram block. Providing additional output register may help in improving timing.
INFO: [Synth 8-7052] The timing for the instance i_7/gen_relay_banks.bank0/gen_slice[3].slice_mem/storage_reg_bram_11 (implemented as a Block RAM) might be sub-optimal as no optional output register could be merged into the ram block. Providing additional output register may help in improving timing.
INFO: [Synth 8-7052] The timing for the instance i_7/gen_relay_banks.bank0/gen_slice[3].slice_mem/storage_reg_bram_13 (implemented as a Block RAM) might be sub-optimal as no optional output register could be merged into the ram block. Providing additional output register may help in improving timing.
INFO: [Synth 8-7052] The timing for the instance i_7/gen_relay_banks.bank0/gen_slice[3].slice_mem/storage_reg_bram_14 (implemented as a Block RAM) might be sub-optimal as no optional output register could be merged into the ram block. Providing additional output register may help in improving timing.
INFO: [Synth 8-7052] The timing for the instance i_0/stream/same_window/line_window/line_delay[0].delay_bank/memory_reg_0 (implemented as a Block RAM) might be sub-optimal as no optional output register could be merged into the ram block. Providing additional output register may help in improving timing.
INFO: [Synth 8-7052] The timing for the instance i_0/stream/same_window/line_window/line_delay[0].delay_bank/memory_reg_0 (implemented as a Block RAM) might be sub-optimal as no optional output register could be merged into the ram block. Providing additional output register may help in improving timing.
INFO: [Synth 8-7052] The timing for the instance i_0/stream/same_window/line_window/line_delay[0].delay_bank/memory_reg_1 (implemented as a Block RAM) might be sub-optimal as no optional output register could be merged into the ram block. Providing additional output register may help in improving timing.
INFO: [Synth 8-7052] The timing for the instance i_0/stream/same_window/line_window/line_delay[0].delay_bank/memory_reg_1 (implemented as a Block RAM) might be sub-optimal as no optional output register could be merged into the ram block. Providing additional output register may help in improving timing.
INFO: [Synth 8-7052] The timing for the instance i_0/stream/same_window/line_window/line_delay[1].delay_bank/memory_reg_0 (implemented as a Block RAM) might be sub-optimal as no optional output register could be merged into the ram block. Providing additional output register may help in improving timing.
INFO: [Synth 8-7052] The timing for the instance i_0/stream/same_window/line_window/line_delay[1].delay_bank/memory_reg_1 (implemented as a Block RAM) might be sub-optimal as no optional output register could be merged into the ram block. Providing additional output register may help in improving timing.
INFO: [Synth 8-7052] The timing for the instance i_0/stream/same_window/line_window/line_delay[2].delay_bank/memory_reg_0 (implemented as a Block RAM) might be sub-optimal as no optional output register could be merged into the ram block. Providing additional output register may help in improving timing.
INFO: [Synth 8-7052] The timing for the instance i_0/stream/same_window/line_window/line_delay[2].delay_bank/memory_reg_1 (implemented as a Block RAM) might be sub-optimal as no optional output register could be merged into the ram block. Providing additional output register may help in improving timing.
INFO: [Synth 8-7052] The timing for the instance i_0/stream/mac_tile/pair_weight_banks[0].weight_bank/memory_reg_0 (implemented as a Block RAM) might be sub-optimal as no optional output register could be merged into the ram block. Providing additional output register may help in improving timing.
INFO: [Synth 8-7052] The timing for the instance i_0/stream/mac_tile/pair_weight_banks[0].weight_bank/memory_reg_1 (implemented as a Block RAM) might be sub-optimal as no optional output register could be merged into the ram block. Providing additional output register may help in improving timing.
INFO: [Synth 8-7052] The timing for the instance i_0/stream/mac_tile/pair_weight_banks[0].weight_bank/memory_reg_2 (implemented as a Block RAM) might be sub-optimal as no optional output register could be merged into the ram block. Providing additional output register may help in improving timing.
INFO: [Synth 8-7052] The timing for the instance i_0/stream/mac_tile/pair_weight_banks[1].weight_bank/memory_reg_0 (implemented as a Block RAM) might be sub-optimal as no optional output register could be merged into the ram block. Providing additional output register may help in improving timing.
INFO: [Synth 8-7052] The timing for the instance i_0/stream/mac_tile/pair_weight_banks[1].weight_bank/memory_reg_1 (implemented as a Block RAM) might be sub-optimal as no optional output register could be merged into the ram block. Providing additional output register may help in improving timing.
INFO: [Synth 8-7052] The timing for the instance i_0/stream/mac_tile/pair_weight_banks[1].weight_bank/memory_reg_2 (implemented as a Block RAM) might be sub-optimal as no optional output register could be merged into the ram block. Providing additional output register may help in improving timing.
INFO: [Synth 8-7052] The timing for the instance i_0/stream/mac_tile/pair_weight_banks[2].weight_bank/memory_reg_0 (implemented as a Block RAM) might be sub-optimal as no optional output register could be merged into the ram block. Providing additional output register may help in improving timing.
INFO: [Synth 8-7052] The timing for the instance i_0/stream/mac_tile/pair_weight_banks[2].weight_bank/memory_reg_1 (implemented as a Block RAM) might be sub-optimal as no optional output register could be merged into the ram block. Providing additional output register may help in improving timing.
INFO: [Synth 8-7052] The timing for the instance i_0/stream/mac_tile/pair_weight_banks[2].weight_bank/memory_reg_2 (implemented as a Block RAM) might be sub-optimal as no optional output register could be merged into the ram block. Providing additional output register may help in improving timing.
INFO: [Synth 8-7052] The timing for the instance i_0/stream/mac_tile/pair_weight_banks[3].weight_bank/memory_reg_0 (implemented as a Block RAM) might be sub-optimal as no optional output register could be merged into the ram block. Providing additional output register may help in improving timing.
INFO: [Synth 8-7052] The timing for the instance i_0/stream/mac_tile/pair_weight_banks[3].weight_bank/memory_reg_1 (implemented as a Block RAM) might be sub-optimal as no optional output register could be merged into the ram block. Providing additional output register may help in improving timing.
INFO: [Synth 8-7052] The timing for the instance i_0/stream/mac_tile/pair_weight_banks[3].weight_bank/memory_reg_2 (implemented as a Block RAM) might be sub-optimal as no optional output register could be merged into the ram block. Providing additional output register may help in improving timing.
INFO: [Synth 8-7052] The timing for the instance i_0/stream/mac_tile/pair_weight_banks[4].weight_bank/memory_reg_0 (implemented as a Block RAM) might be sub-optimal as no optional output register could be merged into the ram block. Providing additional output register may help in improving timing.
INFO: [Synth 8-7052] The timing for the instance i_0/stream/mac_tile/pair_weight_banks[4].weight_bank/memory_reg_1 (implemented as a Block RAM) might be sub-optimal as no optional output register could be merged into the ram block. Providing additional output register may help in improving timing.
INFO: [Synth 8-7052] The timing for the instance i_0/stream/mac_tile/pair_weight_banks[4].weight_bank/memory_reg_2 (implemented as a Block RAM) might be sub-optimal as no optional output register could be merged into the ram block. Providing additional output register may help in improving timing.
INFO: [Synth 8-7052] The timing for the instance i_0/stream/mac_tile/pair_weight_banks[5].weight_bank/memory_reg_0 (implemented as a Block RAM) might be sub-optimal as no optional output register could be merged into the ram block. Providing additional output register may help in improving timing.
INFO: [Synth 8-7052] The timing for the instance i_0/stream/mac_tile/pair_weight_banks[5].weight_bank/memory_reg_1 (implemented as a Block RAM) might be sub-optimal as no optional output register could be merged into the ram block. Providing additional output register may help in improving timing.
INFO: [Synth 8-7052] The timing for the instance i_0/stream/mac_tile/pair_weight_banks[5].weight_bank/memory_reg_2 (implemented as a Block RAM) might be sub-optimal as no optional output register could be merged into the ram block. Providing additional output register may help in improving timing.
INFO: [Synth 8-7052] The timing for the instance i_0/stream/mac_tile/pair_weight_banks[6].weight_bank/memory_reg_0 (implemented as a Block RAM) might be sub-optimal as no optional output register could be merged into the ram block. Providing additional output register may help in improving timing.
INFO: [Synth 8-7052] The timing for the instance i_0/stream/mac_tile/pair_weight_banks[6].weight_bank/memory_reg_1 (implemented as a Block RAM) might be sub-optimal as no optional output register could be merged into the ram block. Providing additional output register may help in improving timing.
INFO: [Synth 8-7052] The timing for the instance i_0/stream/mac_tile/pair_weight_banks[6].weight_bank/memory_reg_2 (implemented as a Block RAM) might be sub-optimal as no optional output register could be merged into the ram block. Providing additional output register may help in improving timing.
INFO: [Synth 8-7052] The timing for the instance i_0/stream/mac_tile/pair_weight_banks[7].weight_bank/memory_reg_0 (implemented as a Block RAM) might be sub-optimal as no optional output register could be merged into the ram block. Providing additional output register may help in improving timing.
INFO: [Synth 8-7052] The timing for the instance i_0/stream/mac_tile/pair_weight_banks[7].weight_bank/memory_reg_1 (implemented as a Block RAM) might be sub-optimal as no optional output register could be merged into the ram block. Providing additional output register may help in improving timing.
INFO: [Synth 8-7052] The timing for the instance i_0/stream/mac_tile/pair_weight_banks[7].weight_bank/memory_reg_2 (implemented as a Block RAM) might be sub-optimal as no optional output register could be merged into the ram block. Providing additional output register may help in improving timing.
---------------------------------------------------------------------------------
Finished Technology Mapping : Time (s): cpu = 00:00:45 ; elapsed = 00:01:48 . Memory (MB): peak = 2246.125 ; gain = 1750.523
---------------------------------------------------------------------------------
---------------------------------------------------------------------------------
Start IO Insertion
---------------------------------------------------------------------------------
---------------------------------------------------------------------------------
Start Flattening Before IO Insertion
---------------------------------------------------------------------------------
---------------------------------------------------------------------------------
Finished Flattening Before IO Insertion
---------------------------------------------------------------------------------
---------------------------------------------------------------------------------
Start Final Netlist Cleanup
---------------------------------------------------------------------------------
INFO: [Synth 8-7052] The timing for the instance stream/same_window/line_window/line_delay[0].delay_bank/memory_reg_0 (implemented as a Block RAM) might be sub-optimal as no optional output register could be merged into the ram block. Providing additional output register may help in improving timing.
INFO: [Synth 8-7052] The timing for the instance stream/same_window/line_window/line_delay[0].delay_bank/memory_reg_0 (implemented as a Block RAM) might be sub-optimal as no optional output register could be merged into the ram block. Providing additional output register may help in improving timing.
INFO: [Synth 8-7052] The timing for the instance stream/same_window/line_window/line_delay[0].delay_bank/memory_reg_1 (implemented as a Block RAM) might be sub-optimal as no optional output register could be merged into the ram block. Providing additional output register may help in improving timing.
INFO: [Synth 8-7052] The timing for the instance stream/same_window/line_window/line_delay[0].delay_bank/memory_reg_1 (implemented as a Block RAM) might be sub-optimal as no optional output register could be merged into the ram block. Providing additional output register may help in improving timing.
INFO: [Synth 8-7052] The timing for the instance stream/same_window/line_window/line_delay[1].delay_bank/memory_reg_0 (implemented as a Block RAM) might be sub-optimal as no optional output register could be merged into the ram block. Providing additional output register may help in improving timing.
INFO: [Synth 8-7052] The timing for the instance stream/same_window/line_window/line_delay[1].delay_bank/memory_reg_1 (implemented as a Block RAM) might be sub-optimal as no optional output register could be merged into the ram block. Providing additional output register may help in improving timing.
INFO: [Synth 8-7052] The timing for the instance stream/same_window/line_window/line_delay[2].delay_bank/memory_reg_0 (implemented as a Block RAM) might be sub-optimal as no optional output register could be merged into the ram block. Providing additional output register may help in improving timing.
INFO: [Synth 8-7052] The timing for the instance stream/same_window/line_window/line_delay[2].delay_bank/memory_reg_1 (implemented as a Block RAM) might be sub-optimal as no optional output register could be merged into the ram block. Providing additional output register may help in improving timing.
INFO: [Synth 8-7052] The timing for the instance stream/mac_tile/pair_weight_banks[0].weight_bank/memory_reg_0 (implemented as a Block RAM) might be sub-optimal as no optional output register could be merged into the ram block. Providing additional output register may help in improving timing.
INFO: [Synth 8-7052] The timing for the instance stream/mac_tile/pair_weight_banks[0].weight_bank/memory_reg_1 (implemented as a Block RAM) might be sub-optimal as no optional output register could be merged into the ram block. Providing additional output register may help in improving timing.
INFO: [Synth 8-7052] The timing for the instance stream/mac_tile/pair_weight_banks[0].weight_bank/memory_reg_2 (implemented as a Block RAM) might be sub-optimal as no optional output register could be merged into the ram block. Providing additional output register may help in improving timing.
INFO: [Synth 8-7052] The timing for the instance stream/mac_tile/pair_weight_banks[1].weight_bank/memory_reg_0 (implemented as a Block RAM) might be sub-optimal as no optional output register could be merged into the ram block. Providing additional output register may help in improving timing.
INFO: [Synth 8-7052] The timing for the instance stream/mac_tile/pair_weight_banks[1].weight_bank/memory_reg_1 (implemented as a Block RAM) might be sub-optimal as no optional output register could be merged into the ram block. Providing additional output register may help in improving timing.
INFO: [Synth 8-7052] The timing for the instance stream/mac_tile/pair_weight_banks[1].weight_bank/memory_reg_2 (implemented as a Block RAM) might be sub-optimal as no optional output register could be merged into the ram block. Providing additional output register may help in improving timing.
INFO: [Synth 8-7052] The timing for the instance stream/mac_tile/pair_weight_banks[2].weight_bank/memory_reg_0 (implemented as a Block RAM) might be sub-optimal as no optional output register could be merged into the ram block. Providing additional output register may help in improving timing.
INFO: [Synth 8-7052] The timing for the instance stream/mac_tile/pair_weight_banks[2].weight_bank/memory_reg_1 (implemented as a Block RAM) might be sub-optimal as no optional output register could be merged into the ram block. Providing additional output register may help in improving timing.
INFO: [Synth 8-7052] The timing for the instance stream/mac_tile/pair_weight_banks[2].weight_bank/memory_reg_2 (implemented as a Block RAM) might be sub-optimal as no optional output register could be merged into the ram block. Providing additional output register may help in improving timing.
INFO: [Synth 8-7052] The timing for the instance stream/mac_tile/pair_weight_banks[3].weight_bank/memory_reg_0 (implemented as a Block RAM) might be sub-optimal as no optional output register could be merged into the ram block. Providing additional output register may help in improving timing.
INFO: [Synth 8-7052] The timing for the instance stream/mac_tile/pair_weight_banks[3].weight_bank/memory_reg_1 (implemented as a Block RAM) might be sub-optimal as no optional output register could be merged into the ram block. Providing additional output register may help in improving timing.
INFO: [Synth 8-7052] The timing for the instance stream/mac_tile/pair_weight_banks[3].weight_bank/memory_reg_2 (implemented as a Block RAM) might be sub-optimal as no optional output register could be merged into the ram block. Providing additional output register may help in improving timing.
INFO: [Synth 8-7052] The timing for the instance stream/mac_tile/pair_weight_banks[4].weight_bank/memory_reg_0 (implemented as a Block RAM) might be sub-optimal as no optional output register could be merged into the ram block. Providing additional output register may help in improving timing.
INFO: [Synth 8-7052] The timing for the instance stream/mac_tile/pair_weight_banks[4].weight_bank/memory_reg_1 (implemented as a Block RAM) might be sub-optimal as no optional output register could be merged into the ram block. Providing additional output register may help in improving timing.
INFO: [Synth 8-7052] The timing for the instance stream/mac_tile/pair_weight_banks[4].weight_bank/memory_reg_2 (implemented as a Block RAM) might be sub-optimal as no optional output register could be merged into the ram block. Providing additional output register may help in improving timing.
INFO: [Synth 8-7052] The timing for the instance stream/mac_tile/pair_weight_banks[5].weight_bank/memory_reg_0 (implemented as a Block RAM) might be sub-optimal as no optional output register could be merged into the ram block. Providing additional output register may help in improving timing.
INFO: [Synth 8-7052] The timing for the instance stream/mac_tile/pair_weight_banks[5].weight_bank/memory_reg_1 (implemented as a Block RAM) might be sub-optimal as no optional output register could be merged into the ram block. Providing additional output register may help in improving timing.
INFO: [Synth 8-7052] The timing for the instance stream/mac_tile/pair_weight_banks[5].weight_bank/memory_reg_2 (implemented as a Block RAM) might be sub-optimal as no optional output register could be merged into the ram block. Providing additional output register may help in improving timing.
INFO: [Synth 8-7052] The timing for the instance stream/mac_tile/pair_weight_banks[6].weight_bank/memory_reg_0 (implemented as a Block RAM) might be sub-optimal as no optional output register could be merged into the ram block. Providing additional output register may help in improving timing.
INFO: [Synth 8-7052] The timing for the instance stream/mac_tile/pair_weight_banks[6].weight_bank/memory_reg_1 (implemented as a Block RAM) might be sub-optimal as no optional output register could be merged into the ram block. Providing additional output register may help in improving timing.
INFO: [Common 17-14] Message 'Synth 8-7052' appears 100 times and further instances of the messages will be disabled. Use the Tcl command set_msg_config to change the current settings.
---------------------------------------------------------------------------------
Finished Final Netlist Cleanup
---------------------------------------------------------------------------------
---------------------------------------------------------------------------------
Finished IO Insertion : Time (s): cpu = 00:00:47 ; elapsed = 00:01:54 . Memory (MB): peak = 2261.105 ; gain = 1765.504
---------------------------------------------------------------------------------
---------------------------------------------------------------------------------
Start Renaming Generated Instances
---------------------------------------------------------------------------------
---------------------------------------------------------------------------------
Finished Renaming Generated Instances : Time (s): cpu = 00:00:47 ; elapsed = 00:01:54 . Memory (MB): peak = 2261.105 ; gain = 1765.504
---------------------------------------------------------------------------------
---------------------------------------------------------------------------------
Start Rebuilding User Hierarchy
---------------------------------------------------------------------------------
---------------------------------------------------------------------------------
Finished Rebuilding User Hierarchy : Time (s): cpu = 00:00:47 ; elapsed = 00:01:55 . Memory (MB): peak = 2261.105 ; gain = 1765.504
---------------------------------------------------------------------------------
---------------------------------------------------------------------------------
Start Renaming Generated Ports
---------------------------------------------------------------------------------
---------------------------------------------------------------------------------
Finished Renaming Generated Ports : Time (s): cpu = 00:00:48 ; elapsed = 00:01:56 . Memory (MB): peak = 2261.105 ; gain = 1765.504
---------------------------------------------------------------------------------
---------------------------------------------------------------------------------
Start Handling Custom Attributes
---------------------------------------------------------------------------------
---------------------------------------------------------------------------------
Finished Handling Custom Attributes : Time (s): cpu = 00:00:48 ; elapsed = 00:01:57 . Memory (MB): peak = 2261.105 ; gain = 1765.504
---------------------------------------------------------------------------------
---------------------------------------------------------------------------------
Start Renaming Generated Nets
---------------------------------------------------------------------------------
---------------------------------------------------------------------------------
Finished Renaming Generated Nets : Time (s): cpu = 00:00:48 ; elapsed = 00:01:57 . Memory (MB): peak = 2261.105 ; gain = 1765.504
---------------------------------------------------------------------------------
---------------------------------------------------------------------------------
Start ROM, RAM, DSP, Shift Register and Retiming Reporting
---------------------------------------------------------------------------------

Static Shift Register Report:
+-------------------------------------+------------------------------------------+--------+-------+--------------+--------------------+-------------------+--------+---------+
|Module Name                          | RTL Name                                 | Length | Width | Reset Signal | Pull out first Reg | Pull out last Reg | SRL16E | SRLC32E | 
+-------------------------------------+------------------------------------------+--------+-------+--------------+--------------------+-------------------+--------+---------+
|gestureflow_layer_chain_dmp_hp0_axil | stream/mac_tile/oct_last_reg             | 5      | 1     | YES          | NO                 | YES               | 1      | 0       | 
|gestureflow_layer_chain_dmp_hp0_axil | stream/mac_tile/oct_id_reg               | 4      | 1     | YES          | NO                 | YES               | 1      | 0       | 
|gestureflow_layer_chain_dmp_hp0_axil | stream/mac_tile/oct_output_lanes_reg[15] | 4      | 16    | YES          | NO                 | YES               | 16     | 0       | 
+-------------------------------------+------------------------------------------+--------+-------+--------------+--------------------+-------------------+--------+---------+

---------------------------------------------------------------------------------
Finished ROM, RAM, DSP, Shift Register and Retiming Reporting
---------------------------------------------------------------------------------
---------------------------------------------------------------------------------
Start Writing Synthesis Report
---------------------------------------------------------------------------------

DSP Final Report (the ' indicates corresponding REG is set)
+------------------------------------------+--------------+--------+--------+--------+--------+--------+------+------+------+------+-------+------+------+
|Module Name                               | DSP Mapping  | A Size | B Size | C Size | D Size | P Size | AREG | BREG | CREG | DREG | ADREG | MREG | PREG | 
+------------------------------------------+--------------+--------+--------+--------+--------+--------+------+------+------+------+-------+------+------+
|gestureflow_layer_chain_dmp_hp0_axil      | C'+A'*B      | 30     | 18     | 48     | -      | 14     | 1    | 0    | 0    | -    | -     | 0    | 0    | 
|gestureflow_layer_chain_dmp_hp0_axil__GB5 | A*B          | 25     | 17     | -      | -      | 48     | 0    | 0    | -    | -    | -     | 0    | 0    | 
|gestureflow_layer_chain_dmp_hp0_axil__GB5 | PCIN>>17+A*B | 0      | 15     | -      | -      | 48     | 0    | 0    | -    | -    | -     | 0    | 0    | 
|gestureflow_layer_chain_dmp_hp0_axil__GB5 | A*B          | 25     | 17     | -      | -      | 48     | 0    | 0    | -    | -    | -     | 0    | 0    | 
|gestureflow_layer_chain_dmp_hp0_axil__GB5 | PCIN>>17+A*B | 0      | 15     | -      | -      | 48     | 0    | 0    | -    | -    | -     | 0    | 0    | 
|gestureflow_requant_relu                  | A*B          | 17     | 17     | -      | -      | 48     | 0    | 0    | -    | -    | -     | 0    | 0    | 
|gestureflow_requant_relu                  | PCIN>>17+A*B | 17     | 18     | -      | -      | 48     | 0    | 0    | -    | -    | -     | 0    | 0    | 
|gestureflow_requant_relu                  | A*B          | 17     | 18     | -      | -      | 48     | 0    | 0    | -    | -    | -     | 0    | 0    | 
|gestureflow_requant_relu                  | PCIN>>17+A*B | 30     | 18     | -      | -      | 48     | 0    | 0    | -    | -    | -     | 0    | 0    | 
|gestureflow_requant_relu                  | A*B          | 17     | 17     | -      | -      | 48     | 0    | 0    | -    | -    | -     | 0    | 0    | 
|gestureflow_requant_relu                  | PCIN>>17+A*B | 17     | 18     | -      | -      | 48     | 0    | 0    | -    | -    | -     | 0    | 0    | 
|gestureflow_requant_relu                  | A*B          | 17     | 18     | -      | -      | 48     | 0    | 0    | -    | -    | -     | 0    | 0    | 
|gestureflow_requant_relu                  | PCIN>>17+A*B | 30     | 18     | -      | -      | 48     | 0    | 0    | -    | -    | -     | 0    | 0    | 
|gestureflow_requant_relu                  | A*B          | 17     | 17     | -      | -      | 48     | 0    | 0    | -    | -    | -     | 0    | 0    | 
|gestureflow_requant_relu                  | PCIN>>17+A*B | 17     | 18     | -      | -      | 48     | 0    | 0    | -    | -    | -     | 0    | 0    | 
|gestureflow_requant_relu                  | A*B          | 17     | 18     | -      | -      | 48     | 0    | 0    | -    | -    | -     | 0    | 0    | 
|gestureflow_requant_relu                  | PCIN>>17+A*B | 30     | 18     | -      | -      | 48     | 0    | 0    | -    | -    | -     | 0    | 0    | 
|gestureflow_requant_relu                  | A*B          | 17     | 17     | -      | -      | 48     | 0    | 0    | -    | -    | -     | 0    | 0    | 
|gestureflow_requant_relu                  | PCIN>>17+A*B | 17     | 18     | -      | -      | 48     | 0    | 0    | -    | -    | -     | 0    | 0    | 
|gestureflow_requant_relu                  | A*B          | 17     | 18     | -      | -      | 48     | 0    | 0    | -    | -    | -     | 0    | 0    | 
|gestureflow_requant_relu                  | PCIN>>17+A*B | 30     | 18     | -      | -      | 48     | 0    | 0    | -    | -    | -     | 0    | 0    | 
|gestureflow_hp0_tensor_writer             | A*B          | 14     | 6      | -      | -      | 21     | 0    | 0    | -    | -    | -     | 0    | 0    | 
|gestureflow_mac_tile_dmp                  | (A*B)'       | 24     | 8      | -      | -      | 32     | 0    | 0    | -    | -    | -     | 0    | 1    | 
|gestureflow_mac_tile_dmp                  | (A*B)'       | 24     | 8      | -      | -      | 32     | 0    | 0    | -    | -    | -     | 0    | 1    | 
|gestureflow_mac_tile_dmp                  | (A*B)'       | 24     | 8      | -      | -      | 32     | 0    | 0    | -    | -    | -     | 0    | 1    | 
|gestureflow_mac_tile_dmp                  | (A*B)'       | 24     | 8      | -      | -      | 32     | 0    | 0    | -    | -    | -     | 0    | 1    | 
|gestureflow_mac_tile_dmp                  | (A*B)'       | 24     | 8      | -      | -      | 32     | 0    | 0    | -    | -    | -     | 0    | 1    | 
|gestureflow_mac_tile_dmp                  | (A*B)'       | 24     | 8      | -      | -      | 32     | 0    | 0    | -    | -    | -     | 0    | 1    | 
|gestureflow_mac_tile_dmp                  | (A*B)'       | 24     | 8      | -      | -      | 32     | 0    | 0    | -    | -    | -     | 0    | 1    | 
|gestureflow_mac_tile_dmp                  | (A*B)'       | 24     | 8      | -      | -      | 32     | 0    | 0    | -    | -    | -     | 0    | 1    | 
|gestureflow_mac_tile_dmp                  | (C+A:B)'     | 0      | 16     | 16     | -      | 17     | 0    | 0    | 0    | -    | -     | 0    | 1    | 
|gestureflow_mac_tile_dmp                  | (C+A:B)'     | 0      | 16     | 16     | -      | 17     | 0    | 0    | 0    | -    | -     | 0    | 1    | 
|gestureflow_mac_tile_dmp                  | (C+A:B)'     | 0      | 16     | 16     | -      | 17     | 0    | 0    | 0    | -    | -     | 0    | 1    | 
|gestureflow_mac_tile_dmp                  | (C+A:B)'     | 0      | 16     | 16     | -      | 17     | 0    | 0    | 0    | -    | -     | 0    | 1    | 
|gestureflow_mac_tile_dmp                  | (A*B)'       | 24     | 8      | -      | -      | 32     | 0    | 0    | -    | -    | -     | 0    | 1    | 
|gestureflow_mac_tile_dmp                  | (A*B)'       | 24     | 8      | -      | -      | 32     | 0    | 0    | -    | -    | -     | 0    | 1    | 
|gestureflow_mac_tile_dmp                  | (A*B)'       | 24     | 8      | -      | -      | 32     | 0    | 0    | -    | -    | -     | 0    | 1    | 
|gestureflow_mac_tile_dmp                  | (A*B)'       | 24     | 8      | -      | -      | 32     | 0    | 0    | -    | -    | -     | 0    | 1    | 
|gestureflow_mac_tile_dmp                  | (A*B)'       | 24     | 8      | -      | -      | 32     | 0    | 0    | -    | -    | -     | 0    | 1    | 
|gestureflow_mac_tile_dmp                  | (A*B)'       | 24     | 8      | -      | -      | 32     | 0    | 0    | -    | -    | -     | 0    | 1    | 
|gestureflow_mac_tile_dmp                  | (A*B)'       | 24     | 8      | -      | -      | 32     | 0    | 0    | -    | -    | -     | 0    | 1    | 
|gestureflow_mac_tile_dmp                  | (A*B)'       | 24     | 8      | -      | -      | 32     | 0    | 0    | -    | -    | -     | 0    | 1    | 
|gestureflow_mac_tile_dmp                  | (C+A:B)'     | 0      | 16     | 16     | -      | 17     | 0    | 0    | 0    | -    | -     | 0    | 1    | 
|gestureflow_mac_tile_dmp                  | (C+A:B)'     | 0      | 16     | 16     | -      | 17     | 0    | 0    | 0    | -    | -     | 0    | 1    | 
|gestureflow_mac_tile_dmp                  | (C+A:B)'     | 0      | 16     | 16     | -      | 17     | 0    | 0    | 0    | -    | -     | 0    | 1    | 
|gestureflow_mac_tile_dmp                  | (C+A:B)'     | 0      | 16     | 16     | -      | 17     | 0    | 0    | 0    | -    | -     | 0    | 1    | 
|gestureflow_mac_tile_dmp                  | (A*B)'       | 24     | 8      | -      | -      | 32     | 0    | 0    | -    | -    | -     | 0    | 1    | 
|gestureflow_mac_tile_dmp                  | (A*B)'       | 24     | 8      | -      | -      | 32     | 0    | 0    | -    | -    | -     | 0    | 1    | 
|gestureflow_mac_tile_dmp                  | (A*B)'       | 24     | 8      | -      | -      | 32     | 0    | 0    | -    | -    | -     | 0    | 1    | 
|gestureflow_mac_tile_dmp                  | (A*B)'       | 24     | 8      | -      | -      | 32     | 0    | 0    | -    | -    | -     | 0    | 1    | 
|gestureflow_mac_tile_dmp                  | (A*B)'       | 24     | 8      | -      | -      | 32     | 0    | 0    | -    | -    | -     | 0    | 1    | 
|gestureflow_mac_tile_dmp                  | (A*B)'       | 24     | 8      | -      | -      | 32     | 0    | 0    | -    | -    | -     | 0    | 1    | 
|gestureflow_mac_tile_dmp                  | (A*B)'       | 24     | 8      | -      | -      | 32     | 0    | 0    | -    | -    | -     | 0    | 1    | 
|gestureflow_mac_tile_dmp                  | (A*B)'       | 24     | 8      | -      | -      | 32     | 0    | 0    | -    | -    | -     | 0    | 1    | 
|gestureflow_mac_tile_dmp                  | (C+A:B)'     | 0      | 16     | 16     | -      | 17     | 0    | 0    | 0    | -    | -     | 0    | 1    | 
|gestureflow_mac_tile_dmp                  | (C+A:B)'     | 0      | 16     | 16     | -      | 17     | 0    | 0    | 0    | -    | -     | 0    | 1    | 
|gestureflow_mac_tile_dmp                  | (C+A:B)'     | 0      | 16     | 16     | -      | 17     | 0    | 0    | 0    | -    | -     | 0    | 1    | 
|gestureflow_mac_tile_dmp                  | (C+A:B)'     | 0      | 16     | 16     | -      | 17     | 0    | 0    | 0    | -    | -     | 0    | 1    | 
|gestureflow_mac_tile_dmp                  | (A*B)'       | 24     | 8      | -      | -      | 32     | 0    | 0    | -    | -    | -     | 0    | 1    | 
|gestureflow_mac_tile_dmp                  | (A*B)'       | 24     | 8      | -      | -      | 32     | 0    | 0    | -    | -    | -     | 0    | 1    | 
|gestureflow_mac_tile_dmp                  | (A*B)'       | 24     | 8      | -      | -      | 32     | 0    | 0    | -    | -    | -     | 0    | 1    | 
|gestureflow_mac_tile_dmp                  | (A*B)'       | 24     | 8      | -      | -      | 32     | 0    | 0    | -    | -    | -     | 0    | 1    | 
|gestureflow_mac_tile_dmp                  | (A*B)'       | 24     | 8      | -      | -      | 32     | 0    | 0    | -    | -    | -     | 0    | 1    | 
|gestureflow_mac_tile_dmp                  | (A*B)'       | 24     | 8      | -      | -      | 32     | 0    | 0    | -    | -    | -     | 0    | 1    | 
|gestureflow_mac_tile_dmp                  | (A*B)'       | 24     | 8      | -      | -      | 32     | 0    | 0    | -    | -    | -     | 0    | 1    | 
|gestureflow_mac_tile_dmp                  | (A*B)'       | 24     | 8      | -      | -      | 32     | 0    | 0    | -    | -    | -     | 0    | 1    | 
|gestureflow_mac_tile_dmp                  | (C+A:B)'     | 0      | 16     | 16     | -      | 17     | 0    | 0    | 0    | -    | -     | 0    | 1    | 
|gestureflow_mac_tile_dmp                  | (C+A:B)'     | 0      | 16     | 16     | -      | 17     | 0    | 0    | 0    | -    | -     | 0    | 1    | 
|gestureflow_mac_tile_dmp                  | (C+A:B)'     | 0      | 16     | 16     | -      | 17     | 0    | 0    | 0    | -    | -     | 0    | 1    | 
|gestureflow_mac_tile_dmp                  | (C+A:B)'     | 0      | 16     | 16     | -      | 17     | 0    | 0    | 0    | -    | -     | 0    | 1    | 
|gestureflow_mac_tile_dmp                  | (A*B)'       | 24     | 8      | -      | -      | 32     | 0    | 0    | -    | -    | -     | 0    | 1    | 
|gestureflow_mac_tile_dmp                  | (A*B)'       | 24     | 8      | -      | -      | 32     | 0    | 0    | -    | -    | -     | 0    | 1    | 
|gestureflow_mac_tile_dmp                  | (A*B)'       | 24     | 8      | -      | -      | 32     | 0    | 0    | -    | -    | -     | 0    | 1    | 
|gestureflow_mac_tile_dmp                  | (A*B)'       | 24     | 8      | -      | -      | 32     | 0    | 0    | -    | -    | -     | 0    | 1    | 
|gestureflow_mac_tile_dmp                  | (A*B)'       | 24     | 8      | -      | -      | 32     | 0    | 0    | -    | -    | -     | 0    | 1    | 
|gestureflow_mac_tile_dmp                  | (A*B)'       | 24     | 8      | -      | -      | 32     | 0    | 0    | -    | -    | -     | 0    | 1    | 
|gestureflow_mac_tile_dmp                  | (A*B)'       | 24     | 8      | -      | -      | 32     | 0    | 0    | -    | -    | -     | 0    | 1    | 
|gestureflow_mac_tile_dmp                  | (A*B)'       | 24     | 8      | -      | -      | 32     | 0    | 0    | -    | -    | -     | 0    | 1    | 
|gestureflow_mac_tile_dmp                  | (C+A:B)'     | 0      | 16     | 16     | -      | 17     | 0    | 0    | 0    | -    | -     | 0    | 1    | 
|gestureflow_mac_tile_dmp                  | (C+A:B)'     | 0      | 16     | 16     | -      | 17     | 0    | 0    | 0    | -    | -     | 0    | 1    | 
|gestureflow_mac_tile_dmp                  | (C+A:B)'     | 0      | 16     | 16     | -      | 17     | 0    | 0    | 0    | -    | -     | 0    | 1    | 
|gestureflow_mac_tile_dmp                  | (C+A:B)'     | 0      | 16     | 16     | -      | 17     | 0    | 0    | 0    | -    | -     | 0    | 1    | 
|gestureflow_mac_tile_dmp                  | (A*B)'       | 24     | 8      | -      | -      | 32     | 0    | 0    | -    | -    | -     | 0    | 1    | 
|gestureflow_mac_tile_dmp                  | (A*B)'       | 24     | 8      | -      | -      | 32     | 0    | 0    | -    | -    | -     | 0    | 1    | 
|gestureflow_mac_tile_dmp                  | (A*B)'       | 24     | 8      | -      | -      | 32     | 0    | 0    | -    | -    | -     | 0    | 1    | 
|gestureflow_mac_tile_dmp                  | (A*B)'       | 24     | 8      | -      | -      | 32     | 0    | 0    | -    | -    | -     | 0    | 1    | 
|gestureflow_mac_tile_dmp                  | (A*B)'       | 24     | 8      | -      | -      | 32     | 0    | 0    | -    | -    | -     | 0    | 1    | 
|gestureflow_mac_tile_dmp                  | (A*B)'       | 24     | 8      | -      | -      | 32     | 0    | 0    | -    | -    | -     | 0    | 1    | 
|gestureflow_mac_tile_dmp                  | (A*B)'       | 24     | 8      | -      | -      | 32     | 0    | 0    | -    | -    | -     | 0    | 1    | 
|gestureflow_mac_tile_dmp                  | (A*B)'       | 24     | 8      | -      | -      | 32     | 0    | 0    | -    | -    | -     | 0    | 1    | 
|gestureflow_mac_tile_dmp                  | (C+A:B)'     | 0      | 16     | 16     | -      | 17     | 0    | 0    | 0    | -    | -     | 0    | 1    | 
|gestureflow_mac_tile_dmp                  | (C+A:B)'     | 0      | 16     | 16     | -      | 17     | 0    | 0    | 0    | -    | -     | 0    | 1    | 
|gestureflow_mac_tile_dmp                  | (C+A:B)'     | 0      | 16     | 16     | -      | 17     | 0    | 0    | 0    | -    | -     | 0    | 1    | 
|gestureflow_mac_tile_dmp                  | (C+A:B)'     | 0      | 16     | 16     | -      | 17     | 0    | 0    | 0    | -    | -     | 0    | 1    | 
|gestureflow_mac_tile_dmp                  | (A*B)'       | 24     | 8      | -      | -      | 32     | 0    | 0    | -    | -    | -     | 0    | 1    | 
|gestureflow_mac_tile_dmp                  | (A*B)'       | 24     | 8      | -      | -      | 32     | 0    | 0    | -    | -    | -     | 0    | 1    | 
|gestureflow_mac_tile_dmp                  | (A*B)'       | 24     | 8      | -      | -      | 32     | 0    | 0    | -    | -    | -     | 0    | 1    | 
|gestureflow_mac_tile_dmp                  | (A*B)'       | 24     | 8      | -      | -      | 32     | 0    | 0    | -    | -    | -     | 0    | 1    | 
|gestureflow_mac_tile_dmp                  | (A*B)'       | 24     | 8      | -      | -      | 32     | 0    | 0    | -    | -    | -     | 0    | 1    | 
|gestureflow_mac_tile_dmp                  | (A*B)'       | 24     | 8      | -      | -      | 32     | 0    | 0    | -    | -    | -     | 0    | 1    | 
|gestureflow_mac_tile_dmp                  | (A*B)'       | 24     | 8      | -      | -      | 32     | 0    | 0    | -    | -    | -     | 0    | 1    | 
|gestureflow_mac_tile_dmp                  | (A*B)'       | 24     | 8      | -      | -      | 32     | 0    | 0    | -    | -    | -     | 0    | 1    | 
|gestureflow_mac_tile_dmp                  | (C+A:B)'     | 0      | 16     | 16     | -      | 17     | 0    | 0    | 0    | -    | -     | 0    | 1    | 
|gestureflow_mac_tile_dmp                  | (C+A:B)'     | 0      | 16     | 16     | -      | 17     | 0    | 0    | 0    | -    | -     | 0    | 1    | 
|gestureflow_mac_tile_dmp                  | (C+A:B)'     | 0      | 16     | 16     | -      | 17     | 0    | 0    | 0    | -    | -     | 0    | 1    | 
|gestureflow_mac_tile_dmp                  | (C+A:B)'     | 0      | 16     | 16     | -      | 17     | 0    | 0    | 0    | -    | -     | 0    | 1    | 
|gestureflow_mac_tile_dmp                  | (A*B)'       | 24     | 8      | -      | -      | 32     | 0    | 0    | -    | -    | -     | 0    | 1    | 
|gestureflow_mac_tile_dmp                  | (A*B)'       | 24     | 8      | -      | -      | 32     | 0    | 0    | -    | -    | -     | 0    | 1    | 
|gestureflow_mac_tile_dmp                  | (A*B)'       | 24     | 8      | -      | -      | 32     | 0    | 0    | -    | -    | -     | 0    | 1    | 
|gestureflow_mac_tile_dmp                  | (A*B)'       | 24     | 8      | -      | -      | 32     | 0    | 0    | -    | -    | -     | 0    | 1    | 
|gestureflow_mac_tile_dmp                  | (A*B)'       | 24     | 8      | -      | -      | 32     | 0    | 0    | -    | -    | -     | 0    | 1    | 
|gestureflow_mac_tile_dmp                  | (A*B)'       | 24     | 8      | -      | -      | 32     | 0    | 0    | -    | -    | -     | 0    | 1    | 
|gestureflow_mac_tile_dmp                  | (A*B)'       | 24     | 8      | -      | -      | 32     | 0    | 0    | -    | -    | -     | 0    | 1    | 
|gestureflow_mac_tile_dmp                  | (A*B)'       | 24     | 8      | -      | -      | 32     | 0    | 0    | -    | -    | -     | 0    | 1    | 
|gestureflow_mac_tile_dmp                  | (C+A:B)'     | 0      | 16     | 16     | -      | 17     | 0    | 0    | 0    | -    | -     | 0    | 1    | 
|gestureflow_mac_tile_dmp                  | (C+A:B)'     | 0      | 16     | 16     | -      | 17     | 0    | 0    | 0    | -    | -     | 0    | 1    | 
|gestureflow_mac_tile_dmp                  | (C+A:B)'     | 0      | 16     | 16     | -      | 17     | 0    | 0    | 0    | -    | -     | 0    | 1    | 
|gestureflow_mac_tile_dmp                  | (C+A:B)'     | 0      | 16     | 16     | -      | 17     | 0    | 0    | 0    | -    | -     | 0    | 1    | 
|gestureflow_hp0_weight_dma_loader_dmp     | A'*B''       | 10     | 5      | -      | -      | 16     | 1    | 2    | -    | -    | -     | 0    | 0    | 
+------------------------------------------+--------------+--------+--------+--------+--------+--------+------+------+------+------+-------+------+------+


Report BlackBoxes: 
+-+--------------+----------+
| |BlackBox name |Instances |
+-+--------------+----------+
+-+--------------+----------+

Report Cell Usage: 
+------+----------------+------+
|      |Cell            |Count |
+------+----------------+------+
|1     |CARRY8          |   857|
|2     |DSP48E2         |    22|
|3     |DSP_ALU         |    97|
|4     |DSP_A_B_DATA    |    97|
|5     |DSP_C_DATA      |    97|
|6     |DSP_MULTIPLIER  |    97|
|7     |DSP_M_DATA      |    97|
|8     |DSP_OUTPUT      |    97|
|9     |DSP_PREADD      |    97|
|10    |DSP_PREADD_DATA |    97|
|11    |LUT1            |   550|
|12    |LUT2            |  3288|
|13    |LUT3            |  2951|
|14    |LUT4            |  3626|
|15    |LUT5            |  3994|
|16    |LUT6            |  5505|
|17    |MUXF7           |   523|
|18    |MUXF8           |    79|
|19    |RAM32M16        |    15|
|20    |RAMB18E2        |     8|
|21    |RAMB36E2        |   142|
|22    |SRL16E          |    18|
|23    |FDRE            | 22029|
|24    |FDSE            |    51|
+------+----------------+------+

Report Instance Areas: 
+------+-----------------------------------------+---------------------------------------------------------+------+
|      |Instance                                 |Module                                                   |Cells |
+------+-----------------------------------------+---------------------------------------------------------+------+
|1     |top                                      |                                                         | 44434|
|2     |  \gen_relay_banks.bank0                 |gestureflow_output_bank                                  |   346|
|3     |    \gen_slice[0].slice_mem              |gestureflow_output_bank_slice_13                         |    21|
|4     |    \gen_slice[1].slice_mem              |gestureflow_output_bank_slice_14                         |   148|
|5     |    \gen_slice[2].slice_mem              |gestureflow_output_bank_slice_15                         |    20|
|6     |    \gen_slice[3].slice_mem              |gestureflow_output_bank_slice_16                         |   150|
|7     |  \gen_relay_banks.bank1                 |gestureflow_output_bank_0                                |   939|
|8     |    \gen_slice[0].slice_mem              |gestureflow_output_bank_slice                            |    24|
|9     |    \gen_slice[1].slice_mem              |gestureflow_output_bank_slice_10                         |   148|
|10    |    \gen_slice[2].slice_mem              |gestureflow_output_bank_slice_11                         |    20|
|11    |    \gen_slice[3].slice_mem              |gestureflow_output_bank_slice_12                         |   740|
|12    |  \gen_relay_loaders.relay_loader        |gestureflow_output_bank_relay_loader                     |  1059|
|13    |  \gen_relay_loaders.relay_pool_loader   |gestureflow_output_bank_pool_relay_loader                |  2265|
|14    |  requant                                |gestureflow_requant_relu                                 |  6011|
|15    |  rgb_loader                             |gestureflow_hp0_rgb_loader                               |   885|
|16    |  store                                  |gestureflow_hp0_tensor_writer                            |  5873|
|17    |  stream                                 |gestureflow_conv4x4_cin_same_stream_dmp                  | 16809|
|18    |    mac_tile                             |gestureflow_mac_tile_dmp                                 | 10100|
|19    |      \product_pipe_reg[7][7]            |\stream/mac_tile/product_pipe_reg[7][7]_funnel           |     8|
|20    |      \product_pipe_reg[7][6]            |\stream/mac_tile/product_pipe_reg[7][7]_funnel__33       |     8|
|21    |      \product_pipe_reg[7][5]            |\stream/mac_tile/product_pipe_reg[7][7]_funnel__36       |     8|
|22    |      \product_pipe_reg[7][4]            |\stream/mac_tile/product_pipe_reg[7][7]_funnel__59       |     8|
|23    |      \product_pipe_reg[7][3]            |\stream/mac_tile/product_pipe_reg[7][7]_funnel__17       |     8|
|24    |      \product_pipe_reg[7][2]            |\stream/mac_tile/product_pipe_reg[7][7]_funnel__32       |     8|
|25    |      \product_pipe_reg[7][1]            |\stream/mac_tile/product_pipe_reg[7][7]_funnel__58       |     8|
|26    |      \product_pipe_reg[7][0]            |\stream/mac_tile/product_pipe_reg[7][7]_funnel__57       |     8|
|27    |      \pair_sum_low_pipe_reg[7][3]       |\stream/mac_tile/pair_sum_low_pipe_reg[2][2]_funnel__18  |     8|
|28    |      \pair_sum_low_pipe_reg[7][2]       |\stream/mac_tile/pair_sum_low_pipe_reg[2][2]_funnel__12  |     8|
|29    |      \pair_sum_low_pipe_reg[7][1]       |\stream/mac_tile/pair_sum_low_pipe_reg[2][2]_funnel__3   |     8|
|30    |      \pair_sum_low_pipe_reg[7][0]       |\stream/mac_tile/pair_sum_low_pipe_reg[2][2]_funnel__14  |     8|
|31    |      \product_pipe_reg[6][7]            |\stream/mac_tile/product_pipe_reg[7][7]_funnel__3        |     8|
|32    |      \product_pipe_reg[6][6]            |\stream/mac_tile/product_pipe_reg[7][7]_funnel__42       |     8|
|33    |      \product_pipe_reg[6][5]            |\stream/mac_tile/product_pipe_reg[7][7]_funnel__49       |     8|
|34    |      \product_pipe_reg[6][4]            |\stream/mac_tile/product_pipe_reg[7][7]_funnel__20       |     8|
|35    |      \product_pipe_reg[6][3]            |\stream/mac_tile/product_pipe_reg[7][7]_funnel__26       |     8|
|36    |      \product_pipe_reg[6][2]            |\stream/mac_tile/product_pipe_reg[7][7]_funnel__15       |     8|
|37    |      \product_pipe_reg[6][1]            |\stream/mac_tile/product_pipe_reg[7][7]_funnel__38       |     8|
|38    |      \product_pipe_reg[6][0]            |\stream/mac_tile/product_pipe_reg[7][7]_funnel__48       |     8|
|39    |      \pair_sum_low_pipe_reg[6][3]       |\stream/mac_tile/pair_sum_low_pipe_reg[2][2]_funnel__5   |     8|
|40    |      \pair_sum_low_pipe_reg[6][2]       |\stream/mac_tile/pair_sum_low_pipe_reg[2][2]_funnel__7   |     8|
|41    |      \pair_sum_low_pipe_reg[6][1]       |\stream/mac_tile/pair_sum_low_pipe_reg[2][2]_funnel__15  |     8|
|42    |      \pair_sum_low_pipe_reg[6][0]       |\stream/mac_tile/pair_sum_low_pipe_reg[2][2]_funnel__13  |     8|
|43    |      \product_pipe_reg[5][7]            |\stream/mac_tile/product_pipe_reg[7][7]_funnel__46       |     8|
|44    |      \product_pipe_reg[5][6]            |\stream/mac_tile/product_pipe_reg[7][7]_funnel__54       |     8|
|45    |      \product_pipe_reg[5][5]            |\stream/mac_tile/product_pipe_reg[7][7]_funnel__10       |     8|
|46    |      \product_pipe_reg[5][4]            |\stream/mac_tile/product_pipe_reg[7][7]_funnel__35       |     8|
|47    |      \product_pipe_reg[5][3]            |\stream/mac_tile/product_pipe_reg[7][7]_funnel__52       |     8|
|48    |      \product_pipe_reg[5][2]            |\stream/mac_tile/product_pipe_reg[7][7]_funnel__50       |     8|
|49    |      \product_pipe_reg[5][1]            |\stream/mac_tile/product_pipe_reg[7][7]_funnel__34       |     8|
|50    |      \product_pipe_reg[5][0]            |\stream/mac_tile/product_pipe_reg[7][7]_funnel__25       |     8|
|51    |      \pair_sum_low_pipe_reg[5][3]       |\stream/mac_tile/pair_sum_low_pipe_reg[2][2]_funnel__9   |     8|
|52    |      \pair_sum_low_pipe_reg[5][2]       |\stream/mac_tile/pair_sum_low_pipe_reg[2][2]_funnel__8   |     8|
|53    |      \pair_sum_low_pipe_reg[5][1]       |\stream/mac_tile/pair_sum_low_pipe_reg[2][2]_funnel__23  |     8|
|54    |      \pair_sum_low_pipe_reg[5][0]       |\stream/mac_tile/pair_sum_low_pipe_reg[2][2]_funnel__22  |     8|
|55    |      \product_pipe_reg[4][7]            |\stream/mac_tile/product_pipe_reg[7][7]_funnel__27       |     8|
|56    |      \product_pipe_reg[4][6]            |\stream/mac_tile/product_pipe_reg[7][7]_funnel__43       |     8|
|57    |      \product_pipe_reg[4][5]            |\stream/mac_tile/product_pipe_reg[7][7]_funnel__63       |     8|
|58    |      \product_pipe_reg[4][4]            |\stream/mac_tile/product_pipe_reg[7][7]_funnel__53       |     8|
|59    |      \product_pipe_reg[4][3]            |\stream/mac_tile/product_pipe_reg[7][7]_funnel__5        |     8|
|60    |      \product_pipe_reg[4][2]            |\stream/mac_tile/product_pipe_reg[7][7]_funnel__24       |     8|
|61    |      \product_pipe_reg[4][1]            |\stream/mac_tile/product_pipe_reg[7][7]_funnel__18       |     8|
|62    |      \product_pipe_reg[4][0]            |\stream/mac_tile/product_pipe_reg[7][7]_funnel__12       |     8|
|63    |      \pair_sum_low_pipe_reg[4][3]       |\stream/mac_tile/pair_sum_low_pipe_reg[2][2]_funnel__10  |     8|
|64    |      \pair_sum_low_pipe_reg[4][2]       |\stream/mac_tile/pair_sum_low_pipe_reg[2][2]_funnel__20  |     8|
|65    |      \pair_sum_low_pipe_reg[4][1]       |\stream/mac_tile/pair_sum_low_pipe_reg[2][2]_funnel__21  |     8|
|66    |      \pair_sum_low_pipe_reg[4][0]       |\stream/mac_tile/pair_sum_low_pipe_reg[2][2]_funnel__2   |     8|
|67    |      \product_pipe_reg[3][7]            |\stream/mac_tile/product_pipe_reg[7][7]_funnel__6        |     8|
|68    |      \product_pipe_reg[3][6]            |\stream/mac_tile/product_pipe_reg[7][7]_funnel__1        |     8|
|69    |      \product_pipe_reg[3][5]            |\stream/mac_tile/product_pipe_reg[7][7]_funnel__40       |     8|
|70    |      \product_pipe_reg[3][4]            |\stream/mac_tile/product_pipe_reg[7][7]_funnel__31       |     8|
|71    |      \product_pipe_reg[3][3]            |\stream/mac_tile/product_pipe_reg[7][7]_funnel__2        |     8|
|72    |      \product_pipe_reg[3][2]            |\stream/mac_tile/product_pipe_reg[7][7]_funnel__4        |     8|
|73    |      \product_pipe_reg[3][1]            |\stream/mac_tile/product_pipe_reg[7][7]_funnel__21       |     8|
|74    |      \product_pipe_reg[3][0]            |\stream/mac_tile/product_pipe_reg[7][7]_funnel__62       |     8|
|75    |      \pair_sum_low_pipe_reg[3][3]       |\stream/mac_tile/pair_sum_low_pipe_reg[2][2]_funnel__11  |     8|
|76    |      \pair_sum_low_pipe_reg[3][2]       |\stream/mac_tile/pair_sum_low_pipe_reg[2][2]_funnel__26  |     8|
|77    |      \pair_sum_low_pipe_reg[3][1]       |\stream/mac_tile/pair_sum_low_pipe_reg[2][2]_funnel__30  |     8|
|78    |      \pair_sum_low_pipe_reg[3][0]       |\stream/mac_tile/pair_sum_low_pipe_reg[2][2]_funnel__25  |     8|
|79    |      \product_pipe_reg[2][7]            |\stream/mac_tile/product_pipe_reg[7][7]_funnel__37       |     8|
|80    |      \product_pipe_reg[2][6]            |\stream/mac_tile/product_pipe_reg[7][7]_funnel__56       |     8|
|81    |      \product_pipe_reg[2][5]            |\stream/mac_tile/product_pipe_reg[7][7]_funnel__60       |     8|
|82    |      \product_pipe_reg[2][4]            |\stream/mac_tile/product_pipe_reg[7][7]_funnel__8        |     8|
|83    |      \product_pipe_reg[2][3]            |\stream/mac_tile/product_pipe_reg[7][7]_funnel__28       |     8|
|84    |      \product_pipe_reg[2][2]            |\stream/mac_tile/product_pipe_reg[7][7]_funnel__7        |     8|
|85    |      \product_pipe_reg[2][1]            |\stream/mac_tile/product_pipe_reg[7][7]_funnel__61       |     8|
|86    |      \product_pipe_reg[2][0]            |\stream/mac_tile/product_pipe_reg[7][7]_funnel__47       |     8|
|87    |      \pair_sum_low_pipe_reg[2][3]       |\stream/mac_tile/pair_sum_low_pipe_reg[2][2]_funnel__27  |     8|
|88    |      \pair_sum_low_pipe_reg[2][2]       |\stream/mac_tile/pair_sum_low_pipe_reg[2][2]_funnel      |     8|
|89    |      \pair_sum_low_pipe_reg[2][1]       |\stream/mac_tile/pair_sum_low_pipe_reg[2][2]_funnel__29  |     8|
|90    |      \pair_sum_low_pipe_reg[2][0]       |\stream/mac_tile/pair_sum_low_pipe_reg[2][2]_funnel__17  |     8|
|91    |      \product_pipe_reg[1][7]            |\stream/mac_tile/product_pipe_reg[7][7]_funnel__51       |     8|
|92    |      \product_pipe_reg[1][6]            |\stream/mac_tile/product_pipe_reg[7][7]_funnel__39       |     8|
|93    |      \product_pipe_reg[1][5]            |\stream/mac_tile/product_pipe_reg[7][7]_funnel__44       |     8|
|94    |      \product_pipe_reg[1][4]            |\stream/mac_tile/product_pipe_reg[7][7]_funnel__41       |     8|
|95    |      \product_pipe_reg[1][3]            |\stream/mac_tile/product_pipe_reg[7][7]_funnel__11       |     8|
|96    |      \product_pipe_reg[1][2]            |\stream/mac_tile/product_pipe_reg[7][7]_funnel__9        |     8|
|97    |      \product_pipe_reg[1][1]            |\stream/mac_tile/product_pipe_reg[7][7]_funnel__16       |     8|
|98    |      \product_pipe_reg[1][0]            |\stream/mac_tile/product_pipe_reg[7][7]_funnel__14       |     8|
|99    |      \pair_sum_low_pipe_reg[1][3]       |\stream/mac_tile/pair_sum_low_pipe_reg[2][2]_funnel__31  |     8|
|100   |      \pair_sum_low_pipe_reg[1][2]       |\stream/mac_tile/pair_sum_low_pipe_reg[2][2]_funnel__1   |     8|
|101   |      \pair_sum_low_pipe_reg[1][1]       |\stream/mac_tile/pair_sum_low_pipe_reg[2][2]_funnel__4   |     8|
|102   |      \pair_sum_low_pipe_reg[1][0]       |\stream/mac_tile/pair_sum_low_pipe_reg[2][2]_funnel__6   |     8|
|103   |      \product_pipe_reg[0][7]            |\stream/mac_tile/product_pipe_reg[7][7]_funnel__45       |     8|
|104   |      \product_pipe_reg[0][6]            |\stream/mac_tile/product_pipe_reg[7][7]_funnel__22       |     8|
|105   |      \product_pipe_reg[0][5]            |\stream/mac_tile/product_pipe_reg[7][7]_funnel__30       |     8|
|106   |      \product_pipe_reg[0][4]            |\stream/mac_tile/product_pipe_reg[7][7]_funnel__29       |     8|
|107   |      \product_pipe_reg[0][3]            |\stream/mac_tile/product_pipe_reg[7][7]_funnel__19       |     8|
|108   |      \product_pipe_reg[0][2]            |\stream/mac_tile/product_pipe_reg[7][7]_funnel__23       |     8|
|109   |      \product_pipe_reg[0][1]            |\stream/mac_tile/product_pipe_reg[7][7]_funnel__13       |     8|
|110   |      \product_pipe_reg[0][0]            |\stream/mac_tile/product_pipe_reg[7][7]_funnel__55       |     8|
|111   |      \pair_sum_low_pipe_reg[0][3]       |\stream/mac_tile/pair_sum_low_pipe_reg[2][2]_funnel__24  |     8|
|112   |      \pair_sum_low_pipe_reg[0][2]       |\stream/mac_tile/pair_sum_low_pipe_reg[2][2]_funnel__19  |     8|
|113   |      \pair_sum_low_pipe_reg[0][1]       |\stream/mac_tile/pair_sum_low_pipe_reg[2][2]_funnel__28  |     8|
|114   |      \pair_sum_low_pipe_reg[0][0]       |\stream/mac_tile/pair_sum_low_pipe_reg[2][2]_funnel__16  |     8|
|115   |      \pair_weight_banks[0].weight_bank  |gestureflow_weight_bank                                  |     4|
|116   |      \pair_weight_banks[1].weight_bank  |gestureflow_weight_bank_3                                |     3|
|117   |      \pair_weight_banks[2].weight_bank  |gestureflow_weight_bank_4                                |     3|
|118   |      \pair_weight_banks[3].weight_bank  |gestureflow_weight_bank_5                                |     3|
|119   |      \pair_weight_banks[4].weight_bank  |gestureflow_weight_bank_6                                |     3|
|120   |      \pair_weight_banks[5].weight_bank  |gestureflow_weight_bank_7                                |     3|
|121   |      \pair_weight_banks[6].weight_bank  |gestureflow_weight_bank_8                                |     3|
|122   |      \pair_weight_banks[7].weight_bank  |gestureflow_weight_bank_9                                |     3|
|123   |    same_window                          |gestureflow_same4x4_cin_window                           |  4342|
|124   |      line_window                        |gestureflow_line_window_vector                           |  4256|
|125   |        \line_delay[0].delay_bank        |gestureflow_line_delay_vector_bank                       |   153|
|126   |        \line_delay[1].delay_bank        |gestureflow_line_delay_vector_bank_1                     |   132|
|127   |        \line_delay[2].delay_bank        |gestureflow_line_delay_vector_bank_2                     |   137|
|128   |  tensor_loader                          |gestureflow_hp0_tensor_loader_banked                     |   843|
|129   |  weight_dma_loader                      |gestureflow_hp0_weight_dma_loader_dmp                    |  2344|
|130   |    cfg_expected_words1                  |\weight_dma_loader/cfg_expected_words1_funnel            |     8|
+------+-----------------------------------------+---------------------------------------------------------+------+
---------------------------------------------------------------------------------
Finished Writing Synthesis Report : Time (s): cpu = 00:00:48 ; elapsed = 00:01:57 . Memory (MB): peak = 2261.105 ; gain = 1765.504
---------------------------------------------------------------------------------
Synthesis finished with 0 errors, 0 critical warnings and 189 warnings.
Synthesis Optimization Runtime : Time (s): cpu = 00:00:48 ; elapsed = 00:01:58 . Memory (MB): peak = 2261.105 ; gain = 1765.504
Synthesis Optimization Complete : Time (s): cpu = 00:00:48 ; elapsed = 00:01:58 . Memory (MB): peak = 2261.105 ; gain = 1765.504
INFO: [Project 1-571] Translating synthesized netlist
Netlist sorting complete. Time (s): cpu = 00:00:00 ; elapsed = 00:00:00.460 . Memory (MB): peak = 2264.555 ; gain = 0.000
INFO: [Netlist 29-17] Analyzing 1593 Unisim elements for replacement
INFO: [Netlist 29-28] Unisim Transformation completed in 0 CPU seconds
INFO: [Project 1-570] Preparing netlist for logic optimization
INFO: [Opt 31-138] Pushed 0 inverter(s) to 0 load pin(s).
INFO: [Opt 31-422] The CLOCK_DOMAINS attribute on the BRAM cell stream/same_window/line_window/line_delay[0].delay_bank/memory_reg_0 has been changed from INDEPENDENT to COMMON to match the clocking topology used for the BRAM.
INFO: [Opt 31-422] The CLOCK_DOMAINS attribute on the BRAM cell stream/same_window/line_window/line_delay[0].delay_bank/memory_reg_1 has been changed from INDEPENDENT to COMMON to match the clocking topology used for the BRAM.
Netlist sorting complete. Time (s): cpu = 00:00:00 ; elapsed = 00:00:00.007 . Memory (MB): peak = 2328.656 ; gain = 0.000
INFO: [Project 1-111] Unisim Transformation Summary:
  A total of 134 instances were transformed.
  DSP48E2 => DSP48E2 (DSP_ALU, DSP_A_B_DATA, DSP_C_DATA, DSP_MULTIPLIER, DSP_M_DATA, DSP_OUTPUT, DSP_PREADD, DSP_PREADD_DATA): 119 instances
  RAM32M16 => RAM32M16 (RAMD32(x14), RAMS32(x2)): 15 instances

系统找不到指定的路径。
Synth Design complete | Checksum: d5a84559
INFO: [Common 17-83] Releasing license: Synthesis
292 Infos, 189 Warnings, 0 Critical Warnings and 0 Errors encountered.
synth_design completed successfully
synth_design: Time (s): cpu = 00:00:51 ; elapsed = 00:02:08 . Memory (MB): peak = 2328.656 ; gain = 1836.977
PROBE_SYNTH_CATCH_RC=0
PROBE_SYNTH_MSG=design_1
=== PROBE_B_SYNTH_PASS ===
INFO: [Timing 38-35] Done setting XDC timing constraints.
Write ShapeDB Complete: Time (s): cpu = 00:00:00 ; elapsed = 00:00:00.046 . Memory (MB): peak = 2465.664 ; gain = 0.102
INFO: [Common 17-1381] The checkpoint 'E:/zcu104_vivado/gf_synth_eval2/gf_ooc.dcp' has been generated.
write_checkpoint: Time (s): cpu = 00:00:06 ; elapsed = 00:00:09 . Memory (MB): peak = 2465.664 ; gain = 137.008
PROBE_DCP=1
PROBE_XIL_ENTRIES=E:/zcu104_vivado/.Xil/Vivado-36280-LAPTOP-FPN1A7UI
PROBE_XIL_E:/zcu104_vivado/.Xil/Vivado-36280-LAPTOP-FPN1A7UI realtime=E:/zcu104_vivado/.Xil/Vivado-36280-LAPTOP-FPN1A7UI/realtime
PROBE_DCPS=E:/zcu104_vivado/gf_synth_eval2/gf_ooc.dcp
=== PROBE_B_END ===
INFO: [Common 17-206] Exiting Vivado at Fri Sep 11 21:42:04 2026...
=== VIVADO_RC=0 ===
