Copyright 1986-2022 Xilinx, Inc. All Rights Reserved. Copyright 2022-2023 Advanced Micro Devices, Inc. All Rights Reserved.
---------------------------------------------------------------------------------------------------------------------------------------------
| Tool Version : Vivado v.2023.2 (win64) Build 4029153 Fri Oct 13 20:14:34 MDT 2023
| Date         : Fri Sep 11 22:05:14 2026
| Host         : LAPTOP-FPN1A7UI running 64-bit major release  (build 9200)
| Command      : report_utilization -hierarchical -file E:/zcu104_vivado/gftmpl/logs/zcu104_gf_utilization_impl.rpt
| Design       : system_wrapper
| Device       : xczu7ev-ffvc1156-2-e
| Speed File   : -2
| Design State : Routed
---------------------------------------------------------------------------------------------------------------------------------------------

Utilization Design Information

Table of Contents
-----------------
1. Utilization by Hierarchy

1. Utilization by Hierarchy
---------------------------

+-------------------------------------------------------------------------------------------------------+-----------------------------------------------------------------+------------+------------+---------+------+-------+--------+--------+------+------------+
|                                                Instance                                               |                              Module                             | Total LUTs | Logic LUTs | LUTRAMs | SRLs |  FFs  | RAMB36 | RAMB18 | URAM | DSP Blocks |
+-------------------------------------------------------------------------------------------------------+-----------------------------------------------------------------+------------+------------+---------+------+-------+--------+--------+------+------------+
| system_wrapper                                                                                        |                                                           (top) |      31921 |      30924 |     792 |  205 | 50681 |     95 |      7 |    0 |        134 |
|   system_i                                                                                            |                                                          system |      31921 |      30924 |     792 |  205 | 50681 |     95 |      7 |    0 |        134 |
|     axi_ctrl_smc                                                                                      |                                           system_axi_ctrl_smc_3 |        575 |        574 |       0 |    1 |   719 |      0 |      0 |    0 |          0 |
|       inst                                                                                            |                                                         bd_232d |        575 |        574 |       0 |    1 |   719 |      0 |      0 |    0 |          0 |
|         clk_map                                                                                       |                                             clk_map_imp_1UM210P |         12 |         11 |       0 |    1 |    22 |      0 |      0 |    0 |          0 |
|           psr_aclk                                                                                    |                                              bd_232d_psr_aclk_0 |         12 |         11 |       0 |    1 |    22 |      0 |      0 |    0 |          0 |
|             U0                                                                                        |                                              proc_sys_reset_269 |         12 |         11 |       0 |    1 |    22 |      0 |      0 |    0 |          0 |
|               (U0)                                                                                    |                                              proc_sys_reset_269 |          0 |          0 |       0 |    0 |     1 |      0 |      0 |    0 |          0 |
|               EXT_LPF                                                                                 |                                                         lpf_270 |          3 |          2 |       0 |    1 |     6 |      0 |      0 |    0 |          0 |
|                 (EXT_LPF)                                                                             |                                                         lpf_270 |          2 |          1 |       0 |    1 |     2 |      0 |      0 |    0 |          0 |
|                 ACTIVE_LOW_AUX.ACT_LO_AUX                                                             |                                                    cdc_sync_273 |          1 |          1 |       0 |    0 |     4 |      0 |      0 |    0 |          0 |
|               SEQ                                                                                     |                                                sequence_psr_271 |          9 |          9 |       0 |    0 |    15 |      0 |      0 |    0 |          0 |
|                 (SEQ)                                                                                 |                                                sequence_psr_271 |          5 |          5 |       0 |    0 |     9 |      0 |      0 |    0 |          0 |
|                 SEQ_COUNTER                                                                           |                                                     upcnt_n_272 |          4 |          4 |       0 |    0 |     6 |      0 |      0 |    0 |          0 |
|         m00_exit_pipeline                                                                             |                                    m00_exit_pipeline_imp_2F9QB6 |          7 |          7 |       0 |    0 |     9 |      0 |      0 |    0 |          0 |
|           m00_exit                                                                                    |                                                  bd_232d_m00e_0 |          7 |          7 |       0 |    0 |     9 |      0 |      0 |    0 |          0 |
|             inst                                                                                      |                                             sc_exit_v1_0_14_top |          7 |          7 |       0 |    0 |     9 |      0 |      0 |    0 |          0 |
|               (inst)                                                                                  |                                             sc_exit_v1_0_14_top |          2 |          2 |       0 |    0 |     2 |      0 |      0 |    0 |          0 |
|               exit_inst                                                                               |                                            sc_exit_v1_0_14_exit |          5 |          5 |       0 |    0 |     4 |      0 |      0 |    0 |          0 |
|               xpm_cdc_async_rst_inst                                                                  |                                           xpm_cdc_async_rst__14 |          0 |          0 |       0 |    0 |     3 |      0 |      0 |    0 |          0 |
|         m00_sc2axi                                                                                    |                                                bd_232d_m00s2a_0 |          0 |          0 |       0 |    0 |     0 |      0 |      0 |    0 |          0 |
|           inst                                                                                        |                                            sc_sc2axi_v1_0_9_top |          0 |          0 |       0 |    0 |     0 |      0 |      0 |    0 |          0 |
|         s00_axi2sc                                                                                    |                                                bd_232d_s00a2s_0 |          0 |          0 |       0 |    0 |     0 |      0 |      0 |    0 |          0 |
|           inst                                                                                        |                                            sc_axi2sc_v1_0_9_top |          0 |          0 |       0 |    0 |     0 |      0 |      0 |    0 |          0 |
|         s00_entry_pipeline                                                                            |                                  s00_entry_pipeline_imp_12Q98C1 |        518 |        518 |       0 |    0 |   550 |      0 |      0 |    0 |          0 |
|           s00_mmu                                                                                     |                                                bd_232d_s00mmu_0 |        212 |        212 |       0 |    0 |   215 |      0 |      0 |    0 |          0 |
|             inst                                                                                      |                                              sc_mmu_v1_0_12_top |        212 |        212 |       0 |    0 |   215 |      0 |      0 |    0 |          0 |
|               (inst)                                                                                  |                                              sc_mmu_v1_0_12_top |         72 |         72 |       0 |    0 |    15 |      0 |      0 |    0 |          0 |
|               ar_reg_stall                                                                            |                sc_util_v1_0_4_axi_reg_stall__parameterized0_267 |         42 |         42 |       0 |    0 |    82 |      0 |      0 |    0 |          0 |
|               aw_reg_stall                                                                            |                sc_util_v1_0_4_axi_reg_stall__parameterized0_268 |         48 |         48 |       0 |    0 |    66 |      0 |      0 |    0 |          0 |
|               gen_endpoint.decerr_slave_inst                                                          |                                     sc_mmu_v1_0_12_decerr_slave |         52 |         52 |       0 |    0 |    49 |      0 |      0 |    0 |          0 |
|               xpm_cdc_async_rst_inst                                                                  |                                            xpm_cdc_async_rst__1 |          0 |          0 |       0 |    0 |     3 |      0 |      0 |    0 |          0 |
|           s00_si_converter                                                                            |                                                bd_232d_s00sic_0 |        303 |        303 |       0 |    0 |   295 |      0 |      0 |    0 |          0 |
|             inst                                                                                      |                                     sc_si_converter_v1_0_12_top |        303 |        303 |       0 |    0 |   295 |      0 |      0 |    0 |          0 |
|               (inst)                                                                                  |                                     sc_si_converter_v1_0_12_top |          1 |          1 |       0 |    0 |     1 |      0 |      0 |    0 |          0 |
|               gen_axilite_conv.axilite_conv_inst                                                      |                            sc_si_converter_v1_0_12_axilite_conv |        302 |        302 |       0 |    0 |   291 |      0 |      0 |    0 |          0 |
|               xpm_cdc_async_rst_inst                                                                  |                                            xpm_cdc_async_rst__3 |          0 |          0 |       0 |    0 |     3 |      0 |      0 |    0 |          0 |
|           s00_transaction_regulator                                                                   |                                                 bd_232d_s00tr_0 |          7 |          7 |       0 |    0 |    40 |      0 |      0 |    0 |          0 |
|             inst                                                                                      |                            sc_transaction_regulator_v1_0_10_top |          7 |          7 |       0 |    0 |    40 |      0 |      0 |    0 |          0 |
|               (inst)                                                                                  |                            sc_transaction_regulator_v1_0_10_top |          1 |          1 |       0 |    0 |     1 |      0 |      0 |    0 |          0 |
|               gen_endpoint.gen_r_singleorder.r_singleorder                                            |                    sc_transaction_regulator_v1_0_10_singleorder |          4 |          4 |       0 |    0 |    18 |      0 |      0 |    0 |          0 |
|               gen_endpoint.gen_w_singleorder.w_singleorder                                            |                sc_transaction_regulator_v1_0_10_singleorder_266 |          2 |          2 |       0 |    0 |    18 |      0 |      0 |    0 |          0 |
|               xpm_cdc_async_rst_inst                                                                  |                                            xpm_cdc_async_rst__2 |          0 |          0 |       0 |    0 |     3 |      0 |      0 |    0 |          0 |
|         s00_nodes                                                                                     |                                           s00_nodes_imp_17VXPBF |         39 |         39 |       0 |    0 |   138 |      0 |      0 |    0 |          0 |
|           s00_ar_node                                                                                 |                                                  bd_232d_sarn_0 |          8 |          8 |       0 |    0 |    22 |      0 |      0 |    0 |          0 |
|             inst                                                                                      |                                             sc_node_v1_0_15_top |          8 |          8 |       0 |    0 |    22 |      0 |      0 |    0 |          0 |
|               (inst)                                                                                  |                                             sc_node_v1_0_15_top |          3 |          3 |       0 |    0 |     1 |      0 |      0 |    0 |          0 |
|               inst_mi_handler                                                                         |                                      sc_node_v1_0_15_mi_handler |          5 |          5 |       0 |    0 |    18 |      0 |      0 |    0 |          0 |
|                 (inst_mi_handler)                                                                     |                                      sc_node_v1_0_15_mi_handler |          0 |          0 |       0 |    0 |     2 |      0 |      0 |    0 |          0 |
|                 gen_normal_area.inst_fifo_node_payld                                                  |                                        sc_node_v1_0_15_fifo_263 |          5 |          5 |       0 |    0 |    16 |      0 |      0 |    0 |          0 |
|                   gen_reg_fifo.inst_reg_fifo                                                          |                                    sc_node_v1_0_15_reg_fifo_264 |          5 |          5 |       0 |    0 |    16 |      0 |      0 |    0 |          0 |
|                     (gen_reg_fifo.inst_reg_fifo)                                                      |                                    sc_node_v1_0_15_reg_fifo_264 |          1 |          1 |       0 |    0 |    14 |      0 |      0 |    0 |          0 |
|                     gen_single_rank.inst_cntr                                                         |                                      sc_util_v1_0_4_counter_265 |          4 |          4 |       0 |    0 |     2 |      0 |      0 |    0 |          0 |
|               s_sc_xpm_cdc_async_rst_inst                                                             |                                           xpm_cdc_async_rst__12 |          0 |          0 |       0 |    0 |     3 |      0 |      0 |    0 |          0 |
|           s00_aw_node                                                                                 |                                                  bd_232d_sawn_0 |          8 |          8 |       0 |    0 |    22 |      0 |      0 |    0 |          0 |
|             inst                                                                                      |                             sc_node_v1_0_15_top__parameterized0 |          8 |          8 |       0 |    0 |    22 |      0 |      0 |    0 |          0 |
|               (inst)                                                                                  |                             sc_node_v1_0_15_top__parameterized0 |          3 |          3 |       0 |    0 |     1 |      0 |      0 |    0 |          0 |
|               inst_mi_handler                                                                         |                      sc_node_v1_0_15_mi_handler__parameterized0 |          5 |          5 |       0 |    0 |    18 |      0 |      0 |    0 |          0 |
|                 (inst_mi_handler)                                                                     |                      sc_node_v1_0_15_mi_handler__parameterized0 |          0 |          0 |       0 |    0 |     2 |      0 |      0 |    0 |          0 |
|                 gen_normal_area.inst_fifo_node_payld                                                  |                                            sc_node_v1_0_15_fifo |          5 |          5 |       0 |    0 |    16 |      0 |      0 |    0 |          0 |
|                   gen_reg_fifo.inst_reg_fifo                                                          |                                        sc_node_v1_0_15_reg_fifo |          5 |          5 |       0 |    0 |    16 |      0 |      0 |    0 |          0 |
|                     (gen_reg_fifo.inst_reg_fifo)                                                      |                                        sc_node_v1_0_15_reg_fifo |          1 |          1 |       0 |    0 |    14 |      0 |      0 |    0 |          0 |
|                     gen_single_rank.inst_cntr                                                         |                                      sc_util_v1_0_4_counter_262 |          4 |          4 |       0 |    0 |     2 |      0 |      0 |    0 |          0 |
|               s_sc_xpm_cdc_async_rst_inst                                                             |                                           xpm_cdc_async_rst__10 |          0 |          0 |       0 |    0 |     3 |      0 |      0 |    0 |          0 |
|           s00_b_node                                                                                  |                                                   bd_232d_sbn_0 |          7 |          7 |       0 |    0 |    10 |      0 |      0 |    0 |          0 |
|             inst                                                                                      |                             sc_node_v1_0_15_top__parameterized1 |          7 |          7 |       0 |    0 |    10 |      0 |      0 |    0 |          0 |
|               (inst)                                                                                  |                             sc_node_v1_0_15_top__parameterized1 |          3 |          3 |       0 |    0 |     1 |      0 |      0 |    0 |          0 |
|               inst_mi_handler                                                                         |                      sc_node_v1_0_15_mi_handler__parameterized1 |          4 |          4 |       0 |    0 |     6 |      0 |      0 |    0 |          0 |
|                 (inst_mi_handler)                                                                     |                      sc_node_v1_0_15_mi_handler__parameterized1 |          0 |          0 |       0 |    0 |     2 |      0 |      0 |    0 |          0 |
|                 gen_normal_area.inst_fifo_node_payld                                                  |                            sc_node_v1_0_15_fifo__parameterized0 |          4 |          4 |       0 |    0 |     4 |      0 |      0 |    0 |          0 |
|                   gen_reg_fifo.inst_reg_fifo                                                          |                        sc_node_v1_0_15_reg_fifo__parameterized0 |          4 |          4 |       0 |    0 |     4 |      0 |      0 |    0 |          0 |
|                     (gen_reg_fifo.inst_reg_fifo)                                                      |                        sc_node_v1_0_15_reg_fifo__parameterized0 |          0 |          0 |       0 |    0 |     2 |      0 |      0 |    0 |          0 |
|                     gen_single_rank.inst_cntr                                                         |                                      sc_util_v1_0_4_counter_261 |          4 |          4 |       0 |    0 |     2 |      0 |      0 |    0 |          0 |
|               s_sc_xpm_cdc_async_rst_inst                                                             |                                            xpm_cdc_async_rst__8 |          0 |          0 |       0 |    0 |     3 |      0 |      0 |    0 |          0 |
|           s00_r_node                                                                                  |                                                   bd_232d_srn_0 |          8 |          8 |       0 |    0 |    42 |      0 |      0 |    0 |          0 |
|             inst                                                                                      |                             sc_node_v1_0_15_top__parameterized2 |          8 |          8 |       0 |    0 |    42 |      0 |      0 |    0 |          0 |
|               (inst)                                                                                  |                             sc_node_v1_0_15_top__parameterized2 |          3 |          3 |       0 |    0 |     1 |      0 |      0 |    0 |          0 |
|               inst_mi_handler                                                                         |                      sc_node_v1_0_15_mi_handler__parameterized2 |          5 |          5 |       0 |    0 |    38 |      0 |      0 |    0 |          0 |
|                 (inst_mi_handler)                                                                     |                      sc_node_v1_0_15_mi_handler__parameterized2 |          0 |          0 |       0 |    0 |     2 |      0 |      0 |    0 |          0 |
|                 gen_normal_area.inst_fifo_node_payld                                                  |                        sc_node_v1_0_15_fifo__parameterized1_258 |          5 |          5 |       0 |    0 |    36 |      0 |      0 |    0 |          0 |
|                   gen_reg_fifo.inst_reg_fifo                                                          |                    sc_node_v1_0_15_reg_fifo__parameterized1_259 |          5 |          5 |       0 |    0 |    36 |      0 |      0 |    0 |          0 |
|                     (gen_reg_fifo.inst_reg_fifo)                                                      |                    sc_node_v1_0_15_reg_fifo__parameterized1_259 |          1 |          1 |       0 |    0 |    34 |      0 |      0 |    0 |          0 |
|                     gen_single_rank.inst_cntr                                                         |                                      sc_util_v1_0_4_counter_260 |          4 |          4 |       0 |    0 |     2 |      0 |      0 |    0 |          0 |
|               s_sc_xpm_cdc_async_rst_inst                                                             |                                            xpm_cdc_async_rst__6 |          0 |          0 |       0 |    0 |     3 |      0 |      0 |    0 |          0 |
|           s00_w_node                                                                                  |                                                   bd_232d_swn_0 |          8 |          8 |       0 |    0 |    42 |      0 |      0 |    0 |          0 |
|             inst                                                                                      |                             sc_node_v1_0_15_top__parameterized3 |          8 |          8 |       0 |    0 |    42 |      0 |      0 |    0 |          0 |
|               (inst)                                                                                  |                             sc_node_v1_0_15_top__parameterized3 |          3 |          3 |       0 |    0 |     1 |      0 |      0 |    0 |          0 |
|               inst_mi_handler                                                                         |                      sc_node_v1_0_15_mi_handler__parameterized3 |          5 |          5 |       0 |    0 |    38 |      0 |      0 |    0 |          0 |
|                 (inst_mi_handler)                                                                     |                      sc_node_v1_0_15_mi_handler__parameterized3 |          0 |          0 |       0 |    0 |     2 |      0 |      0 |    0 |          0 |
|                 gen_normal_area.inst_fifo_node_payld                                                  |                            sc_node_v1_0_15_fifo__parameterized1 |          5 |          5 |       0 |    0 |    36 |      0 |      0 |    0 |          0 |
|                   gen_reg_fifo.inst_reg_fifo                                                          |                        sc_node_v1_0_15_reg_fifo__parameterized1 |          5 |          5 |       0 |    0 |    36 |      0 |      0 |    0 |          0 |
|                     (gen_reg_fifo.inst_reg_fifo)                                                      |                        sc_node_v1_0_15_reg_fifo__parameterized1 |          1 |          1 |       0 |    0 |    34 |      0 |      0 |    0 |          0 |
|                     gen_single_rank.inst_cntr                                                         |                                          sc_util_v1_0_4_counter |          4 |          4 |       0 |    0 |     2 |      0 |      0 |    0 |          0 |
|               s_sc_xpm_cdc_async_rst_inst                                                             |                                            xpm_cdc_async_rst__4 |          0 |          0 |       0 |    0 |     3 |      0 |      0 |    0 |          0 |
|     axi_data_smc                                                                                      |                                           system_axi_data_smc_3 |       1529 |       1064 |     272 |  193 |  1772 |      0 |      0 |    0 |          0 |
|       inst                                                                                            |                                                         bd_8332 |       1529 |       1064 |     272 |  193 |  1772 |      0 |      0 |    0 |          0 |
|         clk_map                                                                                       |                                              clk_map_imp_1BCSI5 |         12 |         11 |       0 |    1 |    22 |      0 |      0 |    0 |          0 |
|           psr_aclk                                                                                    |                                              bd_8332_psr_aclk_0 |         12 |         11 |       0 |    1 |    22 |      0 |      0 |    0 |          0 |
|             U0                                                                                        |                                                  proc_sys_reset |         12 |         11 |       0 |    1 |    22 |      0 |      0 |    0 |          0 |
|               (U0)                                                                                    |                                                  proc_sys_reset |          0 |          0 |       0 |    0 |     1 |      0 |      0 |    0 |          0 |
|               EXT_LPF                                                                                 |                                                             lpf |          3 |          2 |       0 |    1 |     6 |      0 |      0 |    0 |          0 |
|                 (EXT_LPF)                                                                             |                                                             lpf |          2 |          1 |       0 |    1 |     2 |      0 |      0 |    0 |          0 |
|                 ACTIVE_LOW_AUX.ACT_LO_AUX                                                             |                                                    cdc_sync_257 |          1 |          1 |       0 |    0 |     4 |      0 |      0 |    0 |          0 |
|               SEQ                                                                                     |                                                sequence_psr_255 |          9 |          9 |       0 |    0 |    15 |      0 |      0 |    0 |          0 |
|                 (SEQ)                                                                                 |                                                sequence_psr_255 |          5 |          5 |       0 |    0 |     9 |      0 |      0 |    0 |          0 |
|                 SEQ_COUNTER                                                                           |                                                     upcnt_n_256 |          4 |          4 |       0 |    0 |     6 |      0 |      0 |    0 |          0 |
|         m00_exit_pipeline                                                                             |                                   m00_exit_pipeline_imp_1XXVO9I |         66 |         59 |       0 |    7 |    29 |      0 |      0 |    0 |          0 |
|           m00_exit                                                                                    |                                                  bd_8332_m00e_0 |         66 |         59 |       0 |    7 |    29 |      0 |      0 |    0 |          0 |
|             inst                                                                                      |                             sc_exit_v1_0_14_top__parameterized0 |         66 |         59 |       0 |    7 |    29 |      0 |      0 |    0 |          0 |
|               (inst)                                                                                  |                             sc_exit_v1_0_14_top__parameterized0 |         16 |         16 |       0 |    0 |     2 |      0 |      0 |    0 |          0 |
|               exit_inst                                                                               |                            sc_exit_v1_0_14_exit__parameterized0 |         50 |         43 |       0 |    7 |    24 |      0 |      0 |    0 |          0 |
|                 (exit_inst)                                                                           |                            sc_exit_v1_0_14_exit__parameterized0 |          1 |          1 |       0 |    0 |     1 |      0 |      0 |    0 |          0 |
|                 gen_r_cmd_fifo.r_cmd_fifo                                                             |                                sc_util_v1_0_4_axic_reg_srl_fifo |         29 |         24 |       0 |    5 |    13 |      0 |      0 |    0 |          0 |
|                   (gen_r_cmd_fifo.r_cmd_fifo)                                                         |                                sc_util_v1_0_4_axic_reg_srl_fifo |         18 |         18 |       0 |    0 |    13 |      0 |      0 |    0 |          0 |
|                   gen_srls[11].srl_nx1                                                                |                                      sc_util_v1_0_4_srl_rtl_250 |          2 |          1 |       0 |    1 |     0 |      0 |      0 |    0 |          0 |
|                   gen_srls[14].srl_nx1                                                                |                                      sc_util_v1_0_4_srl_rtl_251 |          2 |          1 |       0 |    1 |     0 |      0 |      0 |    0 |          0 |
|                   gen_srls[15].srl_nx1                                                                |                                      sc_util_v1_0_4_srl_rtl_252 |          2 |          1 |       0 |    1 |     0 |      0 |      0 |    0 |          0 |
|                   gen_srls[16].srl_nx1                                                                |                                      sc_util_v1_0_4_srl_rtl_253 |          3 |          2 |       0 |    1 |     0 |      0 |      0 |    0 |          0 |
|                   gen_srls[4].srl_nx1                                                                 |                                      sc_util_v1_0_4_srl_rtl_254 |          2 |          1 |       0 |    1 |     0 |      0 |      0 |    0 |          0 |
|                 gen_w_cmd_fifo.w_cmd_fifo                                                             |                sc_util_v1_0_4_axic_reg_srl_fifo__parameterized0 |         20 |         18 |       0 |    2 |    10 |      0 |      0 |    0 |          0 |
|                   (gen_w_cmd_fifo.w_cmd_fifo)                                                         |                sc_util_v1_0_4_axic_reg_srl_fifo__parameterized0 |         15 |         15 |       0 |    0 |    10 |      0 |      0 |    0 |          0 |
|                   gen_srls[1].srl_nx1                                                                 |                                      sc_util_v1_0_4_srl_rtl_248 |          2 |          1 |       0 |    1 |     0 |      0 |      0 |    0 |          0 |
|                   gen_srls[2].srl_nx1                                                                 |                                      sc_util_v1_0_4_srl_rtl_249 |          3 |          2 |       0 |    1 |     0 |      0 |      0 |    0 |          0 |
|               xpm_cdc_async_rst_inst                                                                  |                                               xpm_cdc_async_rst |          0 |          0 |       0 |    0 |     3 |      0 |      0 |    0 |          0 |
|         m00_sc2axi                                                                                    |                                                bd_8332_m00s2a_0 |          0 |          0 |       0 |    0 |     0 |      0 |      0 |    0 |          0 |
|           inst                                                                                        |                            sc_sc2axi_v1_0_9_top__parameterized0 |          0 |          0 |       0 |    0 |     0 |      0 |      0 |    0 |          0 |
|         s00_axi2sc                                                                                    |                                                bd_8332_s00a2s_0 |          0 |          0 |       0 |    0 |     0 |      0 |      0 |    0 |          0 |
|           inst                                                                                        |                            sc_axi2sc_v1_0_9_top__parameterized0 |          0 |          0 |       0 |    0 |     0 |      0 |      0 |    0 |          0 |
|         s00_entry_pipeline                                                                            |                                   s00_entry_pipeline_imp_ZAVUDX |        898 |        713 |       0 |  185 |  1007 |      0 |      0 |    0 |          0 |
|           s00_mmu                                                                                     |                                                bd_8332_s00mmu_0 |        166 |        166 |       0 |    0 |   216 |      0 |      0 |    0 |          0 |
|             inst                                                                                      |                              sc_mmu_v1_0_12_top__parameterized0 |        166 |        166 |       0 |    0 |   216 |      0 |      0 |    0 |          0 |
|               (inst)                                                                                  |                              sc_mmu_v1_0_12_top__parameterized0 |         57 |         57 |       0 |    0 |    28 |      0 |      0 |    0 |          0 |
|               ar_reg_stall                                                                            |                sc_util_v1_0_4_axi_reg_stall__parameterized0_246 |         38 |         38 |       0 |    0 |    84 |      0 |      0 |    0 |          0 |
|               aw_reg_stall                                                                            |                sc_util_v1_0_4_axi_reg_stall__parameterized0_247 |         40 |         40 |       0 |    0 |    84 |      0 |      0 |    0 |          0 |
|               gen_endpoint.decerr_slave_inst                                                          |                     sc_mmu_v1_0_12_decerr_slave__parameterized0 |         36 |         36 |       0 |    0 |    17 |      0 |      0 |    0 |          0 |
|               xpm_cdc_async_rst_inst                                                                  |                                           xpm_cdc_async_rst__15 |          0 |          0 |       0 |    0 |     3 |      0 |      0 |    0 |          0 |
|           s00_si_converter                                                                            |                                                bd_8332_s00sic_0 |        703 |        518 |       0 |  185 |   771 |      0 |      0 |    0 |          0 |
|             inst                                                                                      |                     sc_si_converter_v1_0_12_top__parameterized0 |        703 |        518 |       0 |  185 |   771 |      0 |      0 |    0 |          0 |
|               (inst)                                                                                  |                     sc_si_converter_v1_0_12_top__parameterized0 |          1 |          1 |       0 |    0 |     1 |      0 |      0 |    0 |          0 |
|               converter.wrap_narrow_inst                                                              |                             sc_si_converter_v1_0_12_wrap_narrow |        676 |        496 |       0 |  180 |   753 |      0 |      0 |    0 |          0 |
|                 (converter.wrap_narrow_inst)                                                          |                             sc_si_converter_v1_0_12_wrap_narrow |         83 |         83 |       0 |    0 |   264 |      0 |      0 |    0 |          0 |
|                 ar_reg_slice                                                                          |                    sc_util_v1_0_4_axi_reg_stall__parameterized0 |         48 |         48 |       0 |    0 |   108 |      0 |      0 |    0 |          0 |
|                 aw_reg_slice                                                                          |                 sc_util_v1_0_4_axi_reg_stall__parameterized0_43 |         43 |         43 |       0 |    0 |   108 |      0 |      0 |    0 |          0 |
|                 gen_thread_loop[0].r_cmd_fifo                                                         |                sc_util_v1_0_4_axic_reg_srl_fifo__parameterized2 |         66 |         50 |       0 |   16 |    24 |      0 |      0 |    0 |          0 |
|                   (gen_thread_loop[0].r_cmd_fifo)                                                     |                sc_util_v1_0_4_axic_reg_srl_fifo__parameterized2 |         33 |         33 |       0 |    0 |    24 |      0 |      0 |    0 |          0 |
|                   gen_srls[0].srl_nx1                                                                 |                                      sc_util_v1_0_4_srl_rtl_224 |          2 |          1 |       0 |    1 |     0 |      0 |      0 |    0 |          0 |
|                   gen_srls[10].srl_nx1                                                                |                                      sc_util_v1_0_4_srl_rtl_225 |          2 |          1 |       0 |    1 |     0 |      0 |      0 |    0 |          0 |
|                   gen_srls[11].srl_nx1                                                                |                                      sc_util_v1_0_4_srl_rtl_226 |          2 |          1 |       0 |    1 |     0 |      0 |      0 |    0 |          0 |
|                   gen_srls[12].srl_nx1                                                                |                                      sc_util_v1_0_4_srl_rtl_227 |          2 |          1 |       0 |    1 |     0 |      0 |      0 |    0 |          0 |
|                   gen_srls[13].srl_nx1                                                                |                                      sc_util_v1_0_4_srl_rtl_228 |          2 |          1 |       0 |    1 |     0 |      0 |      0 |    0 |          0 |
|                   gen_srls[14].srl_nx1                                                                |                                      sc_util_v1_0_4_srl_rtl_229 |          2 |          1 |       0 |    1 |     0 |      0 |      0 |    0 |          0 |
|                   gen_srls[15].srl_nx1                                                                |                                      sc_util_v1_0_4_srl_rtl_230 |          2 |          1 |       0 |    1 |     0 |      0 |      0 |    0 |          0 |
|                   gen_srls[1].srl_nx1                                                                 |                                      sc_util_v1_0_4_srl_rtl_235 |          2 |          1 |       0 |    1 |     0 |      0 |      0 |    0 |          0 |
|                   gen_srls[21].srl_nx1                                                                |                                      sc_util_v1_0_4_srl_rtl_237 |          1 |          1 |       0 |    0 |     0 |      0 |      0 |    0 |          0 |
|                   gen_srls[2].srl_nx1                                                                 |                                      sc_util_v1_0_4_srl_rtl_238 |          2 |          1 |       0 |    1 |     0 |      0 |      0 |    0 |          0 |
|                   gen_srls[3].srl_nx1                                                                 |                                      sc_util_v1_0_4_srl_rtl_239 |          2 |          1 |       0 |    1 |     0 |      0 |      0 |    0 |          0 |
|                   gen_srls[4].srl_nx1                                                                 |                                      sc_util_v1_0_4_srl_rtl_240 |          2 |          1 |       0 |    1 |     0 |      0 |      0 |    0 |          0 |
|                   gen_srls[5].srl_nx1                                                                 |                                      sc_util_v1_0_4_srl_rtl_241 |          2 |          1 |       0 |    1 |     0 |      0 |      0 |    0 |          0 |
|                   gen_srls[6].srl_nx1                                                                 |                                      sc_util_v1_0_4_srl_rtl_242 |          2 |          1 |       0 |    1 |     0 |      0 |      0 |    0 |          0 |
|                   gen_srls[7].srl_nx1                                                                 |                                      sc_util_v1_0_4_srl_rtl_243 |          2 |          1 |       0 |    1 |     0 |      0 |      0 |    0 |          0 |
|                   gen_srls[8].srl_nx1                                                                 |                                      sc_util_v1_0_4_srl_rtl_244 |          2 |          1 |       0 |    1 |     0 |      0 |      0 |    0 |          0 |
|                   gen_srls[9].srl_nx1                                                                 |                                      sc_util_v1_0_4_srl_rtl_245 |          2 |          1 |       0 |    1 |     0 |      0 |      0 |    0 |          0 |
|                 gen_thread_loop[0].r_payld_fifo                                                       |                             sc_si_converter_v1_0_12_offset_fifo |        187 |        113 |       0 |   74 |   112 |      0 |      0 |    0 |          0 |
|                   (gen_thread_loop[0].r_payld_fifo)                                                   |                             sc_si_converter_v1_0_12_offset_fifo |         66 |         66 |       0 |    0 |    96 |      0 |      0 |    0 |          0 |
|                   cmd_fifo                                                                            |            sc_util_v1_0_4_axic_reg_srl_fifo__parameterized3_145 |         51 |         43 |       0 |    8 |    16 |      0 |      0 |    0 |          0 |
|                     (cmd_fifo)                                                                        |            sc_util_v1_0_4_axic_reg_srl_fifo__parameterized3_145 |         34 |         34 |       0 |    0 |    16 |      0 |      0 |    0 |          0 |
|                     gen_srls[0].srl_nx1                                                               |                                      sc_util_v1_0_4_srl_rtl_212 |          2 |          1 |       0 |    1 |     0 |      0 |      0 |    0 |          0 |
|                     gen_srls[11].srl_nx1                                                              |                                      sc_util_v1_0_4_srl_rtl_214 |          1 |          1 |       0 |    0 |     0 |      0 |      0 |    0 |          0 |
|                     gen_srls[1].srl_nx1                                                               |                                      sc_util_v1_0_4_srl_rtl_215 |          2 |          1 |       0 |    1 |     0 |      0 |      0 |    0 |          0 |
|                     gen_srls[2].srl_nx1                                                               |                                      sc_util_v1_0_4_srl_rtl_216 |          2 |          1 |       0 |    1 |     0 |      0 |      0 |    0 |          0 |
|                     gen_srls[3].srl_nx1                                                               |                                      sc_util_v1_0_4_srl_rtl_217 |          2 |          1 |       0 |    1 |     0 |      0 |      0 |    0 |          0 |
|                     gen_srls[4].srl_nx1                                                               |                                      sc_util_v1_0_4_srl_rtl_218 |          2 |          1 |       0 |    1 |     0 |      0 |      0 |    0 |          0 |
|                     gen_srls[5].srl_nx1                                                               |                                      sc_util_v1_0_4_srl_rtl_219 |          2 |          1 |       0 |    1 |     0 |      0 |      0 |    0 |          0 |
|                     gen_srls[6].srl_nx1                                                               |                                      sc_util_v1_0_4_srl_rtl_220 |          2 |          1 |       0 |    1 |     0 |      0 |      0 |    0 |          0 |
|                     gen_srls[7].srl_nx1                                                               |                                      sc_util_v1_0_4_srl_rtl_221 |          2 |          1 |       0 |    1 |     0 |      0 |      0 |    0 |          0 |
|                   gen_srls[10].srl_nx1                                                                |                      sc_util_v1_0_4_srl_rtl__parameterized0_146 |          1 |          0 |       0 |    1 |     0 |      0 |      0 |    0 |          0 |
|                   gen_srls[11].srl_nx1                                                                |                      sc_util_v1_0_4_srl_rtl__parameterized0_147 |          1 |          0 |       0 |    1 |     0 |      0 |      0 |    0 |          0 |
|                   gen_srls[12].srl_nx1                                                                |                      sc_util_v1_0_4_srl_rtl__parameterized0_148 |          1 |          0 |       0 |    1 |     0 |      0 |      0 |    0 |          0 |
|                   gen_srls[13].srl_nx1                                                                |                      sc_util_v1_0_4_srl_rtl__parameterized0_149 |          1 |          0 |       0 |    1 |     0 |      0 |      0 |    0 |          0 |
|                   gen_srls[14].srl_nx1                                                                |                      sc_util_v1_0_4_srl_rtl__parameterized0_150 |          1 |          0 |       0 |    1 |     0 |      0 |      0 |    0 |          0 |
|                   gen_srls[15].srl_nx1                                                                |                      sc_util_v1_0_4_srl_rtl__parameterized0_151 |          1 |          0 |       0 |    1 |     0 |      0 |      0 |    0 |          0 |
|                   gen_srls[16].srl_nx1                                                                |                      sc_util_v1_0_4_srl_rtl__parameterized0_152 |          1 |          0 |       0 |    1 |     0 |      0 |      0 |    0 |          0 |
|                   gen_srls[17].srl_nx1                                                                |                      sc_util_v1_0_4_srl_rtl__parameterized0_153 |          1 |          0 |       0 |    1 |     0 |      0 |      0 |    0 |          0 |
|                   gen_srls[18].srl_nx1                                                                |                      sc_util_v1_0_4_srl_rtl__parameterized0_154 |          1 |          0 |       0 |    1 |     0 |      0 |      0 |    0 |          0 |
|                   gen_srls[19].srl_nx1                                                                |                      sc_util_v1_0_4_srl_rtl__parameterized0_155 |          1 |          0 |       0 |    1 |     0 |      0 |      0 |    0 |          0 |
|                   gen_srls[20].srl_nx1                                                                |                      sc_util_v1_0_4_srl_rtl__parameterized0_156 |          1 |          0 |       0 |    1 |     0 |      0 |      0 |    0 |          0 |
|                   gen_srls[21].srl_nx1                                                                |                      sc_util_v1_0_4_srl_rtl__parameterized0_157 |          1 |          0 |       0 |    1 |     0 |      0 |      0 |    0 |          0 |
|                   gen_srls[22].srl_nx1                                                                |                      sc_util_v1_0_4_srl_rtl__parameterized0_158 |          1 |          0 |       0 |    1 |     0 |      0 |      0 |    0 |          0 |
|                   gen_srls[23].srl_nx1                                                                |                      sc_util_v1_0_4_srl_rtl__parameterized0_159 |          1 |          0 |       0 |    1 |     0 |      0 |      0 |    0 |          0 |
|                   gen_srls[24].srl_nx1                                                                |                      sc_util_v1_0_4_srl_rtl__parameterized0_160 |          1 |          0 |       0 |    1 |     0 |      0 |      0 |    0 |          0 |
|                   gen_srls[25].srl_nx1                                                                |                      sc_util_v1_0_4_srl_rtl__parameterized0_161 |          1 |          0 |       0 |    1 |     0 |      0 |      0 |    0 |          0 |
|                   gen_srls[26].srl_nx1                                                                |                      sc_util_v1_0_4_srl_rtl__parameterized0_162 |          1 |          0 |       0 |    1 |     0 |      0 |      0 |    0 |          0 |
|                   gen_srls[27].srl_nx1                                                                |                      sc_util_v1_0_4_srl_rtl__parameterized0_163 |          1 |          0 |       0 |    1 |     0 |      0 |      0 |    0 |          0 |
|                   gen_srls[28].srl_nx1                                                                |                      sc_util_v1_0_4_srl_rtl__parameterized0_164 |          1 |          0 |       0 |    1 |     0 |      0 |      0 |    0 |          0 |
|                   gen_srls[29].srl_nx1                                                                |                      sc_util_v1_0_4_srl_rtl__parameterized0_165 |          1 |          0 |       0 |    1 |     0 |      0 |      0 |    0 |          0 |
|                   gen_srls[30].srl_nx1                                                                |                      sc_util_v1_0_4_srl_rtl__parameterized0_166 |          1 |          0 |       0 |    1 |     0 |      0 |      0 |    0 |          0 |
|                   gen_srls[31].srl_nx1                                                                |                      sc_util_v1_0_4_srl_rtl__parameterized0_167 |          1 |          0 |       0 |    1 |     0 |      0 |      0 |    0 |          0 |
|                   gen_srls[32].srl_nx1                                                                |                      sc_util_v1_0_4_srl_rtl__parameterized0_168 |          1 |          0 |       0 |    1 |     0 |      0 |      0 |    0 |          0 |
|                   gen_srls[33].srl_nx1                                                                |                      sc_util_v1_0_4_srl_rtl__parameterized0_169 |          1 |          0 |       0 |    1 |     0 |      0 |      0 |    0 |          0 |
|                   gen_srls[34].srl_nx1                                                                |                      sc_util_v1_0_4_srl_rtl__parameterized0_170 |          1 |          0 |       0 |    1 |     0 |      0 |      0 |    0 |          0 |
|                   gen_srls[35].srl_nx1                                                                |                      sc_util_v1_0_4_srl_rtl__parameterized0_171 |          1 |          0 |       0 |    1 |     0 |      0 |      0 |    0 |          0 |
|                   gen_srls[36].srl_nx1                                                                |                      sc_util_v1_0_4_srl_rtl__parameterized0_172 |          1 |          0 |       0 |    1 |     0 |      0 |      0 |    0 |          0 |
|                   gen_srls[37].srl_nx1                                                                |                      sc_util_v1_0_4_srl_rtl__parameterized0_173 |          1 |          0 |       0 |    1 |     0 |      0 |      0 |    0 |          0 |
|                   gen_srls[38].srl_nx1                                                                |                      sc_util_v1_0_4_srl_rtl__parameterized0_174 |          1 |          0 |       0 |    1 |     0 |      0 |      0 |    0 |          0 |
|                   gen_srls[39].srl_nx1                                                                |                      sc_util_v1_0_4_srl_rtl__parameterized0_175 |          1 |          0 |       0 |    1 |     0 |      0 |      0 |    0 |          0 |
|                   gen_srls[40].srl_nx1                                                                |                      sc_util_v1_0_4_srl_rtl__parameterized0_176 |          1 |          0 |       0 |    1 |     0 |      0 |      0 |    0 |          0 |
|                   gen_srls[41].srl_nx1                                                                |                      sc_util_v1_0_4_srl_rtl__parameterized0_177 |          1 |          0 |       0 |    1 |     0 |      0 |      0 |    0 |          0 |
|                   gen_srls[42].srl_nx1                                                                |                      sc_util_v1_0_4_srl_rtl__parameterized0_178 |          1 |          0 |       0 |    1 |     0 |      0 |      0 |    0 |          0 |
|                   gen_srls[43].srl_nx1                                                                |                      sc_util_v1_0_4_srl_rtl__parameterized0_179 |          1 |          0 |       0 |    1 |     0 |      0 |      0 |    0 |          0 |
|                   gen_srls[44].srl_nx1                                                                |                      sc_util_v1_0_4_srl_rtl__parameterized0_180 |          1 |          0 |       0 |    1 |     0 |      0 |      0 |    0 |          0 |
|                   gen_srls[45].srl_nx1                                                                |                      sc_util_v1_0_4_srl_rtl__parameterized0_181 |          1 |          0 |       0 |    1 |     0 |      0 |      0 |    0 |          0 |
|                   gen_srls[46].srl_nx1                                                                |                      sc_util_v1_0_4_srl_rtl__parameterized0_182 |          1 |          0 |       0 |    1 |     0 |      0 |      0 |    0 |          0 |
|                   gen_srls[47].srl_nx1                                                                |                      sc_util_v1_0_4_srl_rtl__parameterized0_183 |          1 |          0 |       0 |    1 |     0 |      0 |      0 |    0 |          0 |
|                   gen_srls[48].srl_nx1                                                                |                      sc_util_v1_0_4_srl_rtl__parameterized0_184 |          1 |          0 |       0 |    1 |     0 |      0 |      0 |    0 |          0 |
|                   gen_srls[49].srl_nx1                                                                |                      sc_util_v1_0_4_srl_rtl__parameterized0_185 |          1 |          0 |       0 |    1 |     0 |      0 |      0 |    0 |          0 |
|                   gen_srls[50].srl_nx1                                                                |                      sc_util_v1_0_4_srl_rtl__parameterized0_186 |          1 |          0 |       0 |    1 |     0 |      0 |      0 |    0 |          0 |
|                   gen_srls[51].srl_nx1                                                                |                      sc_util_v1_0_4_srl_rtl__parameterized0_187 |          1 |          0 |       0 |    1 |     0 |      0 |      0 |    0 |          0 |
|                   gen_srls[52].srl_nx1                                                                |                      sc_util_v1_0_4_srl_rtl__parameterized0_188 |          1 |          0 |       0 |    1 |     0 |      0 |      0 |    0 |          0 |
|                   gen_srls[53].srl_nx1                                                                |                      sc_util_v1_0_4_srl_rtl__parameterized0_189 |          1 |          0 |       0 |    1 |     0 |      0 |      0 |    0 |          0 |
|                   gen_srls[54].srl_nx1                                                                |                      sc_util_v1_0_4_srl_rtl__parameterized0_190 |          1 |          0 |       0 |    1 |     0 |      0 |      0 |    0 |          0 |
|                   gen_srls[55].srl_nx1                                                                |                      sc_util_v1_0_4_srl_rtl__parameterized0_191 |          1 |          0 |       0 |    1 |     0 |      0 |      0 |    0 |          0 |
|                   gen_srls[56].srl_nx1                                                                |                      sc_util_v1_0_4_srl_rtl__parameterized0_192 |          1 |          0 |       0 |    1 |     0 |      0 |      0 |    0 |          0 |
|                   gen_srls[57].srl_nx1                                                                |                      sc_util_v1_0_4_srl_rtl__parameterized0_193 |          1 |          0 |       0 |    1 |     0 |      0 |      0 |    0 |          0 |
|                   gen_srls[58].srl_nx1                                                                |                      sc_util_v1_0_4_srl_rtl__parameterized0_194 |          1 |          0 |       0 |    1 |     0 |      0 |      0 |    0 |          0 |
|                   gen_srls[59].srl_nx1                                                                |                      sc_util_v1_0_4_srl_rtl__parameterized0_195 |          1 |          0 |       0 |    1 |     0 |      0 |      0 |    0 |          0 |
|                   gen_srls[60].srl_nx1                                                                |                      sc_util_v1_0_4_srl_rtl__parameterized0_196 |          1 |          0 |       0 |    1 |     0 |      0 |      0 |    0 |          0 |
|                   gen_srls[61].srl_nx1                                                                |                      sc_util_v1_0_4_srl_rtl__parameterized0_197 |          1 |          0 |       0 |    1 |     0 |      0 |      0 |    0 |          0 |
|                   gen_srls[62].srl_nx1                                                                |                      sc_util_v1_0_4_srl_rtl__parameterized0_198 |          1 |          0 |       0 |    1 |     0 |      0 |      0 |    0 |          0 |
|                   gen_srls[63].srl_nx1                                                                |                      sc_util_v1_0_4_srl_rtl__parameterized0_199 |          1 |          0 |       0 |    1 |     0 |      0 |      0 |    0 |          0 |
|                   gen_srls[64].srl_nx1                                                                |                      sc_util_v1_0_4_srl_rtl__parameterized0_200 |          1 |          0 |       0 |    1 |     0 |      0 |      0 |    0 |          0 |
|                   gen_srls[65].srl_nx1                                                                |                      sc_util_v1_0_4_srl_rtl__parameterized0_201 |          1 |          0 |       0 |    1 |     0 |      0 |      0 |    0 |          0 |
|                   gen_srls[66].srl_nx1                                                                |                      sc_util_v1_0_4_srl_rtl__parameterized0_202 |          1 |          0 |       0 |    1 |     0 |      0 |      0 |    0 |          0 |
|                   gen_srls[67].srl_nx1                                                                |                      sc_util_v1_0_4_srl_rtl__parameterized0_203 |          1 |          0 |       0 |    1 |     0 |      0 |      0 |    0 |          0 |
|                   gen_srls[68].srl_nx1                                                                |                      sc_util_v1_0_4_srl_rtl__parameterized0_204 |          1 |          0 |       0 |    1 |     0 |      0 |      0 |    0 |          0 |
|                   gen_srls[69].srl_nx1                                                                |                      sc_util_v1_0_4_srl_rtl__parameterized0_205 |          1 |          0 |       0 |    1 |     0 |      0 |      0 |    0 |          0 |
|                   gen_srls[70].srl_nx1                                                                |                      sc_util_v1_0_4_srl_rtl__parameterized0_206 |          1 |          0 |       0 |    1 |     0 |      0 |      0 |    0 |          0 |
|                   gen_srls[71].srl_nx1                                                                |                      sc_util_v1_0_4_srl_rtl__parameterized0_207 |          1 |          0 |       0 |    1 |     0 |      0 |      0 |    0 |          0 |
|                   gen_srls[74].srl_nx1                                                                |                      sc_util_v1_0_4_srl_rtl__parameterized0_208 |          1 |          0 |       0 |    1 |     0 |      0 |      0 |    0 |          0 |
|                   gen_srls[75].srl_nx1                                                                |                      sc_util_v1_0_4_srl_rtl__parameterized0_209 |          6 |          5 |       0 |    1 |     0 |      0 |      0 |    0 |          0 |
|                   gen_srls[8].srl_nx1                                                                 |                      sc_util_v1_0_4_srl_rtl__parameterized0_210 |          2 |          1 |       0 |    1 |     0 |      0 |      0 |    0 |          0 |
|                   gen_srls[9].srl_nx1                                                                 |                      sc_util_v1_0_4_srl_rtl__parameterized0_211 |          1 |          0 |       0 |    1 |     0 |      0 |      0 |    0 |          0 |
|                 w_cmd_fifo                                                                            |                sc_util_v1_0_4_axic_reg_srl_fifo__parameterized4 |         85 |         75 |       0 |   10 |    18 |      0 |      0 |    0 |          0 |
|                   (w_cmd_fifo)                                                                        |                sc_util_v1_0_4_axic_reg_srl_fifo__parameterized4 |         65 |         65 |       0 |    0 |    18 |      0 |      0 |    0 |          0 |
|                   gen_srls[10].srl_nx1                                                                |                                      sc_util_v1_0_4_srl_rtl_128 |          2 |          1 |       0 |    1 |     0 |      0 |      0 |    0 |          0 |
|                   gen_srls[17].srl_nx1                                                                |                                      sc_util_v1_0_4_srl_rtl_135 |          1 |          1 |       0 |    0 |     0 |      0 |      0 |    0 |          0 |
|                   gen_srls[1].srl_nx1                                                                 |                                      sc_util_v1_0_4_srl_rtl_136 |          2 |          1 |       0 |    1 |     0 |      0 |      0 |    0 |          0 |
|                   gen_srls[2].srl_nx1                                                                 |                                      sc_util_v1_0_4_srl_rtl_137 |          2 |          1 |       0 |    1 |     0 |      0 |      0 |    0 |          0 |
|                   gen_srls[3].srl_nx1                                                                 |                                      sc_util_v1_0_4_srl_rtl_138 |          2 |          1 |       0 |    1 |     0 |      0 |      0 |    0 |          0 |
|                   gen_srls[4].srl_nx1                                                                 |                                      sc_util_v1_0_4_srl_rtl_139 |          2 |          1 |       0 |    1 |     0 |      0 |      0 |    0 |          0 |
|                   gen_srls[5].srl_nx1                                                                 |                                      sc_util_v1_0_4_srl_rtl_140 |          2 |          1 |       0 |    1 |     0 |      0 |      0 |    0 |          0 |
|                   gen_srls[6].srl_nx1                                                                 |                                      sc_util_v1_0_4_srl_rtl_141 |          2 |          1 |       0 |    1 |     0 |      0 |      0 |    0 |          0 |
|                   gen_srls[7].srl_nx1                                                                 |                                      sc_util_v1_0_4_srl_rtl_142 |          2 |          1 |       0 |    1 |     0 |      0 |      0 |    0 |          0 |
|                   gen_srls[8].srl_nx1                                                                 |                                      sc_util_v1_0_4_srl_rtl_143 |          2 |          1 |       0 |    1 |     0 |      0 |      0 |    0 |          0 |
|                   gen_srls[9].srl_nx1                                                                 |                                      sc_util_v1_0_4_srl_rtl_144 |          2 |          1 |       0 |    1 |     0 |      0 |      0 |    0 |          0 |
|                 w_payld_fifo                                                                          |             sc_si_converter_v1_0_12_offset_fifo__parameterized0 |        166 |         86 |       0 |   80 |   119 |      0 |      0 |    0 |          0 |
|                   (w_payld_fifo)                                                                      |             sc_si_converter_v1_0_12_offset_fifo__parameterized0 |         40 |         40 |       0 |    0 |   103 |      0 |      0 |    0 |          0 |
|                   cmd_fifo                                                                            |                sc_util_v1_0_4_axic_reg_srl_fifo__parameterized3 |         50 |         42 |       0 |    8 |    16 |      0 |      0 |    0 |          0 |
|                     (cmd_fifo)                                                                        |                sc_util_v1_0_4_axic_reg_srl_fifo__parameterized3 |         33 |         33 |       0 |    0 |    16 |      0 |      0 |    0 |          0 |
|                     gen_srls[0].srl_nx1                                                               |                                      sc_util_v1_0_4_srl_rtl_115 |          2 |          1 |       0 |    1 |     0 |      0 |      0 |    0 |          0 |
|                     gen_srls[11].srl_nx1                                                              |                                      sc_util_v1_0_4_srl_rtl_117 |          1 |          1 |       0 |    0 |     0 |      0 |      0 |    0 |          0 |
|                     gen_srls[1].srl_nx1                                                               |                                      sc_util_v1_0_4_srl_rtl_118 |          2 |          1 |       0 |    1 |     0 |      0 |      0 |    0 |          0 |
|                     gen_srls[2].srl_nx1                                                               |                                      sc_util_v1_0_4_srl_rtl_119 |          2 |          1 |       0 |    1 |     0 |      0 |      0 |    0 |          0 |
|                     gen_srls[3].srl_nx1                                                               |                                      sc_util_v1_0_4_srl_rtl_120 |          2 |          1 |       0 |    1 |     0 |      0 |      0 |    0 |          0 |
|                     gen_srls[4].srl_nx1                                                               |                                      sc_util_v1_0_4_srl_rtl_121 |          2 |          1 |       0 |    1 |     0 |      0 |      0 |    0 |          0 |
|                     gen_srls[5].srl_nx1                                                               |                                      sc_util_v1_0_4_srl_rtl_122 |          2 |          1 |       0 |    1 |     0 |      0 |      0 |    0 |          0 |
|                     gen_srls[6].srl_nx1                                                               |                                      sc_util_v1_0_4_srl_rtl_123 |          2 |          1 |       0 |    1 |     0 |      0 |      0 |    0 |          0 |
|                     gen_srls[7].srl_nx1                                                               |                                      sc_util_v1_0_4_srl_rtl_124 |          2 |          1 |       0 |    1 |     0 |      0 |      0 |    0 |          0 |
|                   gen_srls[100].srl_nx1                                                               |                          sc_util_v1_0_4_srl_rtl__parameterized0 |          1 |          0 |       0 |    1 |     0 |      0 |      0 |    0 |          0 |
|                   gen_srls[101].srl_nx1                                                               |                       sc_util_v1_0_4_srl_rtl__parameterized0_44 |          1 |          0 |       0 |    1 |     0 |      0 |      0 |    0 |          0 |
|                   gen_srls[102].srl_nx1                                                               |                       sc_util_v1_0_4_srl_rtl__parameterized0_45 |          1 |          0 |       0 |    1 |     0 |      0 |      0 |    0 |          0 |
|                   gen_srls[103].srl_nx1                                                               |                       sc_util_v1_0_4_srl_rtl__parameterized0_46 |          1 |          0 |       0 |    1 |     0 |      0 |      0 |    0 |          0 |
|                   gen_srls[104].srl_nx1                                                               |                       sc_util_v1_0_4_srl_rtl__parameterized0_47 |          1 |          0 |       0 |    1 |     0 |      0 |      0 |    0 |          0 |
|                   gen_srls[105].srl_nx1                                                               |                       sc_util_v1_0_4_srl_rtl__parameterized0_48 |          1 |          0 |       0 |    1 |     0 |      0 |      0 |    0 |          0 |
|                   gen_srls[106].srl_nx1                                                               |                       sc_util_v1_0_4_srl_rtl__parameterized0_49 |          1 |          0 |       0 |    1 |     0 |      0 |      0 |    0 |          0 |
|                   gen_srls[107].srl_nx1                                                               |                       sc_util_v1_0_4_srl_rtl__parameterized0_50 |          1 |          0 |       0 |    1 |     0 |      0 |      0 |    0 |          0 |
|                   gen_srls[108].srl_nx1                                                               |                       sc_util_v1_0_4_srl_rtl__parameterized0_51 |          1 |          0 |       0 |    1 |     0 |      0 |      0 |    0 |          0 |
|                   gen_srls[109].srl_nx1                                                               |                       sc_util_v1_0_4_srl_rtl__parameterized0_52 |          1 |          0 |       0 |    1 |     0 |      0 |      0 |    0 |          0 |
|                   gen_srls[110].srl_nx1                                                               |                       sc_util_v1_0_4_srl_rtl__parameterized0_53 |          1 |          0 |       0 |    1 |     0 |      0 |      0 |    0 |          0 |
|                   gen_srls[111].srl_nx1                                                               |                       sc_util_v1_0_4_srl_rtl__parameterized0_54 |          1 |          0 |       0 |    1 |     0 |      0 |      0 |    0 |          0 |
|                   gen_srls[112].srl_nx1                                                               |                       sc_util_v1_0_4_srl_rtl__parameterized0_55 |          1 |          0 |       0 |    1 |     0 |      0 |      0 |    0 |          0 |
|                   gen_srls[113].srl_nx1                                                               |                       sc_util_v1_0_4_srl_rtl__parameterized0_56 |          1 |          0 |       0 |    1 |     0 |      0 |      0 |    0 |          0 |
|                   gen_srls[114].srl_nx1                                                               |                       sc_util_v1_0_4_srl_rtl__parameterized0_57 |          1 |          0 |       0 |    1 |     0 |      0 |      0 |    0 |          0 |
|                   gen_srls[115].srl_nx1                                                               |                       sc_util_v1_0_4_srl_rtl__parameterized0_58 |          1 |          0 |       0 |    1 |     0 |      0 |      0 |    0 |          0 |
|                   gen_srls[116].srl_nx1                                                               |                       sc_util_v1_0_4_srl_rtl__parameterized0_59 |          1 |          0 |       0 |    1 |     0 |      0 |      0 |    0 |          0 |
|                   gen_srls[117].srl_nx1                                                               |                       sc_util_v1_0_4_srl_rtl__parameterized0_60 |          1 |          0 |       0 |    1 |     0 |      0 |      0 |    0 |          0 |
|                   gen_srls[118].srl_nx1                                                               |                       sc_util_v1_0_4_srl_rtl__parameterized0_61 |          1 |          0 |       0 |    1 |     0 |      0 |      0 |    0 |          0 |
|                   gen_srls[119].srl_nx1                                                               |                       sc_util_v1_0_4_srl_rtl__parameterized0_62 |          1 |          0 |       0 |    1 |     0 |      0 |      0 |    0 |          0 |
|                   gen_srls[120].srl_nx1                                                               |                       sc_util_v1_0_4_srl_rtl__parameterized0_63 |          1 |          0 |       0 |    1 |     0 |      0 |      0 |    0 |          0 |
|                   gen_srls[121].srl_nx1                                                               |                       sc_util_v1_0_4_srl_rtl__parameterized0_64 |          1 |          0 |       0 |    1 |     0 |      0 |      0 |    0 |          0 |
|                   gen_srls[122].srl_nx1                                                               |                       sc_util_v1_0_4_srl_rtl__parameterized0_65 |          1 |          0 |       0 |    1 |     0 |      0 |      0 |    0 |          0 |
|                   gen_srls[123].srl_nx1                                                               |                       sc_util_v1_0_4_srl_rtl__parameterized0_66 |          1 |          0 |       0 |    1 |     0 |      0 |      0 |    0 |          0 |
|                   gen_srls[124].srl_nx1                                                               |                       sc_util_v1_0_4_srl_rtl__parameterized0_67 |          1 |          0 |       0 |    1 |     0 |      0 |      0 |    0 |          0 |
|                   gen_srls[125].srl_nx1                                                               |                       sc_util_v1_0_4_srl_rtl__parameterized0_68 |          1 |          0 |       0 |    1 |     0 |      0 |      0 |    0 |          0 |
|                   gen_srls[126].srl_nx1                                                               |                       sc_util_v1_0_4_srl_rtl__parameterized0_69 |          1 |          0 |       0 |    1 |     0 |      0 |      0 |    0 |          0 |
|                   gen_srls[127].srl_nx1                                                               |                       sc_util_v1_0_4_srl_rtl__parameterized0_70 |          1 |          0 |       0 |    1 |     0 |      0 |      0 |    0 |          0 |
|                   gen_srls[128].srl_nx1                                                               |                       sc_util_v1_0_4_srl_rtl__parameterized0_71 |          1 |          0 |       0 |    1 |     0 |      0 |      0 |    0 |          0 |
|                   gen_srls[129].srl_nx1                                                               |                       sc_util_v1_0_4_srl_rtl__parameterized0_72 |          1 |          0 |       0 |    1 |     0 |      0 |      0 |    0 |          0 |
|                   gen_srls[130].srl_nx1                                                               |                       sc_util_v1_0_4_srl_rtl__parameterized0_73 |          1 |          0 |       0 |    1 |     0 |      0 |      0 |    0 |          0 |
|                   gen_srls[131].srl_nx1                                                               |                       sc_util_v1_0_4_srl_rtl__parameterized0_74 |          1 |          0 |       0 |    1 |     0 |      0 |      0 |    0 |          0 |
|                   gen_srls[132].srl_nx1                                                               |                       sc_util_v1_0_4_srl_rtl__parameterized0_75 |          1 |          0 |       0 |    1 |     0 |      0 |      0 |    0 |          0 |
|                   gen_srls[133].srl_nx1                                                               |                       sc_util_v1_0_4_srl_rtl__parameterized0_76 |          1 |          0 |       0 |    1 |     0 |      0 |      0 |    0 |          0 |
|                   gen_srls[134].srl_nx1                                                               |                       sc_util_v1_0_4_srl_rtl__parameterized0_77 |          1 |          0 |       0 |    1 |     0 |      0 |      0 |    0 |          0 |
|                   gen_srls[135].srl_nx1                                                               |                       sc_util_v1_0_4_srl_rtl__parameterized0_78 |          1 |          0 |       0 |    1 |     0 |      0 |      0 |    0 |          0 |
|                   gen_srls[136].srl_nx1                                                               |                       sc_util_v1_0_4_srl_rtl__parameterized0_79 |          1 |          0 |       0 |    1 |     0 |      0 |      0 |    0 |          0 |
|                   gen_srls[137].srl_nx1                                                               |                       sc_util_v1_0_4_srl_rtl__parameterized0_80 |          1 |          0 |       0 |    1 |     0 |      0 |      0 |    0 |          0 |
|                   gen_srls[138].srl_nx1                                                               |                       sc_util_v1_0_4_srl_rtl__parameterized0_81 |          1 |          0 |       0 |    1 |     0 |      0 |      0 |    0 |          0 |
|                   gen_srls[139].srl_nx1                                                               |                       sc_util_v1_0_4_srl_rtl__parameterized0_82 |          1 |          0 |       0 |    1 |     0 |      0 |      0 |    0 |          0 |
|                   gen_srls[140].srl_nx1                                                               |                       sc_util_v1_0_4_srl_rtl__parameterized0_83 |          1 |          0 |       0 |    1 |     0 |      0 |      0 |    0 |          0 |
|                   gen_srls[141].srl_nx1                                                               |                       sc_util_v1_0_4_srl_rtl__parameterized0_84 |          1 |          0 |       0 |    1 |     0 |      0 |      0 |    0 |          0 |
|                   gen_srls[142].srl_nx1                                                               |                       sc_util_v1_0_4_srl_rtl__parameterized0_85 |          1 |          0 |       0 |    1 |     0 |      0 |      0 |    0 |          0 |
|                   gen_srls[143].srl_nx1                                                               |                       sc_util_v1_0_4_srl_rtl__parameterized0_86 |          6 |          5 |       0 |    1 |     0 |      0 |      0 |    0 |          0 |
|                   gen_srls[72].srl_nx1                                                                |                       sc_util_v1_0_4_srl_rtl__parameterized0_87 |          2 |          1 |       0 |    1 |     0 |      0 |      0 |    0 |          0 |
|                   gen_srls[73].srl_nx1                                                                |                       sc_util_v1_0_4_srl_rtl__parameterized0_88 |          1 |          0 |       0 |    1 |     0 |      0 |      0 |    0 |          0 |
|                   gen_srls[74].srl_nx1                                                                |                       sc_util_v1_0_4_srl_rtl__parameterized0_89 |          1 |          0 |       0 |    1 |     0 |      0 |      0 |    0 |          0 |
|                   gen_srls[75].srl_nx1                                                                |                       sc_util_v1_0_4_srl_rtl__parameterized0_90 |          1 |          0 |       0 |    1 |     0 |      0 |      0 |    0 |          0 |
|                   gen_srls[76].srl_nx1                                                                |                       sc_util_v1_0_4_srl_rtl__parameterized0_91 |          1 |          0 |       0 |    1 |     0 |      0 |      0 |    0 |          0 |
|                   gen_srls[77].srl_nx1                                                                |                       sc_util_v1_0_4_srl_rtl__parameterized0_92 |          1 |          0 |       0 |    1 |     0 |      0 |      0 |    0 |          0 |
|                   gen_srls[78].srl_nx1                                                                |                       sc_util_v1_0_4_srl_rtl__parameterized0_93 |          1 |          0 |       0 |    1 |     0 |      0 |      0 |    0 |          0 |
|                   gen_srls[79].srl_nx1                                                                |                       sc_util_v1_0_4_srl_rtl__parameterized0_94 |          1 |          0 |       0 |    1 |     0 |      0 |      0 |    0 |          0 |
|                   gen_srls[80].srl_nx1                                                                |                       sc_util_v1_0_4_srl_rtl__parameterized0_95 |          1 |          0 |       0 |    1 |     0 |      0 |      0 |    0 |          0 |
|                   gen_srls[81].srl_nx1                                                                |                       sc_util_v1_0_4_srl_rtl__parameterized0_96 |          1 |          0 |       0 |    1 |     0 |      0 |      0 |    0 |          0 |
|                   gen_srls[82].srl_nx1                                                                |                       sc_util_v1_0_4_srl_rtl__parameterized0_97 |          1 |          0 |       0 |    1 |     0 |      0 |      0 |    0 |          0 |
|                   gen_srls[83].srl_nx1                                                                |                       sc_util_v1_0_4_srl_rtl__parameterized0_98 |          1 |          0 |       0 |    1 |     0 |      0 |      0 |    0 |          0 |
|                   gen_srls[84].srl_nx1                                                                |                       sc_util_v1_0_4_srl_rtl__parameterized0_99 |          1 |          0 |       0 |    1 |     0 |      0 |      0 |    0 |          0 |
|                   gen_srls[85].srl_nx1                                                                |                      sc_util_v1_0_4_srl_rtl__parameterized0_100 |          1 |          0 |       0 |    1 |     0 |      0 |      0 |    0 |          0 |
|                   gen_srls[86].srl_nx1                                                                |                      sc_util_v1_0_4_srl_rtl__parameterized0_101 |          1 |          0 |       0 |    1 |     0 |      0 |      0 |    0 |          0 |
|                   gen_srls[87].srl_nx1                                                                |                      sc_util_v1_0_4_srl_rtl__parameterized0_102 |          1 |          0 |       0 |    1 |     0 |      0 |      0 |    0 |          0 |
|                   gen_srls[88].srl_nx1                                                                |                      sc_util_v1_0_4_srl_rtl__parameterized0_103 |          1 |          0 |       0 |    1 |     0 |      0 |      0 |    0 |          0 |
|                   gen_srls[89].srl_nx1                                                                |                      sc_util_v1_0_4_srl_rtl__parameterized0_104 |          1 |          0 |       0 |    1 |     0 |      0 |      0 |    0 |          0 |
|                   gen_srls[90].srl_nx1                                                                |                      sc_util_v1_0_4_srl_rtl__parameterized0_105 |          1 |          0 |       0 |    1 |     0 |      0 |      0 |    0 |          0 |
|                   gen_srls[91].srl_nx1                                                                |                      sc_util_v1_0_4_srl_rtl__parameterized0_106 |          1 |          0 |       0 |    1 |     0 |      0 |      0 |    0 |          0 |
|                   gen_srls[92].srl_nx1                                                                |                      sc_util_v1_0_4_srl_rtl__parameterized0_107 |          1 |          0 |       0 |    1 |     0 |      0 |      0 |    0 |          0 |
|                   gen_srls[93].srl_nx1                                                                |                      sc_util_v1_0_4_srl_rtl__parameterized0_108 |          1 |          0 |       0 |    1 |     0 |      0 |      0 |    0 |          0 |
|                   gen_srls[94].srl_nx1                                                                |                      sc_util_v1_0_4_srl_rtl__parameterized0_109 |          1 |          0 |       0 |    1 |     0 |      0 |      0 |    0 |          0 |
|                   gen_srls[95].srl_nx1                                                                |                      sc_util_v1_0_4_srl_rtl__parameterized0_110 |          1 |          0 |       0 |    1 |     0 |      0 |      0 |    0 |          0 |
|                   gen_srls[96].srl_nx1                                                                |                      sc_util_v1_0_4_srl_rtl__parameterized0_111 |          1 |          0 |       0 |    1 |     0 |      0 |      0 |    0 |          0 |
|                   gen_srls[97].srl_nx1                                                                |                      sc_util_v1_0_4_srl_rtl__parameterized0_112 |          1 |          0 |       0 |    1 |     0 |      0 |      0 |    0 |          0 |
|                   gen_srls[98].srl_nx1                                                                |                      sc_util_v1_0_4_srl_rtl__parameterized0_113 |          1 |          0 |       0 |    1 |     0 |      0 |      0 |    0 |          0 |
|                   gen_srls[99].srl_nx1                                                                |                      sc_util_v1_0_4_srl_rtl__parameterized0_114 |          1 |          0 |       0 |    1 |     0 |      0 |      0 |    0 |          0 |
|               gen_normal.splitter_inst                                                                |                                sc_si_converter_v1_0_12_splitter |         26 |         21 |       0 |    5 |    14 |      0 |      0 |    0 |          0 |
|                 (gen_normal.splitter_inst)                                                            |                                sc_si_converter_v1_0_12_splitter |          0 |          0 |       0 |    0 |     1 |      0 |      0 |    0 |          0 |
|                 gen_no_wsplitter.gen_endpoint_woffset.gen_wbypass_offset_fifo.wbypass_offset_fifo     |                sc_util_v1_0_4_axic_reg_srl_fifo__parameterized1 |         26 |         21 |       0 |    5 |    13 |      0 |      0 |    0 |          0 |
|                   (gen_no_wsplitter.gen_endpoint_woffset.gen_wbypass_offset_fifo.wbypass_offset_fifo) |                sc_util_v1_0_4_axic_reg_srl_fifo__parameterized1 |         16 |         16 |       0 |    0 |    13 |      0 |      0 |    0 |          0 |
|                   gen_srls[0].srl_nx1                                                                 |                                       sc_util_v1_0_4_srl_rtl_38 |          1 |          0 |       0 |    1 |     0 |      0 |      0 |    0 |          0 |
|                   gen_srls[10].srl_nx1                                                                |                                       sc_util_v1_0_4_srl_rtl_39 |          3 |          2 |       0 |    1 |     0 |      0 |      0 |    0 |          0 |
|                   gen_srls[3].srl_nx1                                                                 |                                       sc_util_v1_0_4_srl_rtl_40 |          2 |          1 |       0 |    1 |     0 |      0 |      0 |    0 |          0 |
|                   gen_srls[6].srl_nx1                                                                 |                                       sc_util_v1_0_4_srl_rtl_41 |          2 |          1 |       0 |    1 |     0 |      0 |      0 |    0 |          0 |
|                   gen_srls[7].srl_nx1                                                                 |                                       sc_util_v1_0_4_srl_rtl_42 |          2 |          1 |       0 |    1 |     0 |      0 |      0 |    0 |          0 |
|               xpm_cdc_async_rst_inst                                                                  |                                           xpm_cdc_async_rst__16 |          0 |          0 |       0 |    0 |     3 |      0 |      0 |    0 |          0 |
|           s00_transaction_regulator                                                                   |                                                 bd_8332_s00tr_0 |         29 |         29 |       0 |    0 |    20 |      0 |      0 |    0 |          0 |
|             inst                                                                                      |            sc_transaction_regulator_v1_0_10_top__parameterized0 |         29 |         29 |       0 |    0 |    20 |      0 |      0 |    0 |          0 |
|               (inst)                                                                                  |            sc_transaction_regulator_v1_0_10_top__parameterized0 |          1 |          1 |       0 |    0 |     1 |      0 |      0 |    0 |          0 |
|               gen_endpoint.gen_r_singleorder.r_singleorder                                            |    sc_transaction_regulator_v1_0_10_singleorder__parameterized0 |         14 |         14 |       0 |    0 |     8 |      0 |      0 |    0 |          0 |
|                 gen_id_fifo.singleorder_fifo                                                          |             sc_util_v1_0_4_axic_reg_srl_fifo__parameterized5_31 |         14 |         14 |       0 |    0 |     8 |      0 |      0 |    0 |          0 |
|               gen_endpoint.gen_w_singleorder.w_singleorder                                            | sc_transaction_regulator_v1_0_10_singleorder__parameterized0_25 |         14 |         14 |       0 |    0 |     8 |      0 |      0 |    0 |          0 |
|                 gen_id_fifo.singleorder_fifo                                                          |                sc_util_v1_0_4_axic_reg_srl_fifo__parameterized5 |         14 |         14 |       0 |    0 |     8 |      0 |      0 |    0 |          0 |
|               xpm_cdc_async_rst_inst                                                                  |                                           xpm_cdc_async_rst__17 |          0 |          0 |       0 |    0 |     3 |      0 |      0 |    0 |          0 |
|         s00_nodes                                                                                     |                                            s00_nodes_imp_TJVT73 |        555 |        283 |     272 |    0 |   714 |      0 |      0 |    0 |          0 |
|           s00_ar_node                                                                                 |                                                  bd_8332_sarn_0 |         86 |         38 |      48 |    0 |    95 |      0 |      0 |    0 |          0 |
|             inst                                                                                      |                             sc_node_v1_0_15_top__parameterized4 |         86 |         38 |      48 |    0 |    95 |      0 |      0 |    0 |          0 |
|               (inst)                                                                                  |                             sc_node_v1_0_15_top__parameterized4 |          3 |          3 |       0 |    0 |     1 |      0 |      0 |    0 |          0 |
|               inst_mi_handler                                                                         |                      sc_node_v1_0_15_mi_handler__parameterized4 |         83 |         35 |      48 |    0 |    90 |      0 |      0 |    0 |          0 |
|                 (inst_mi_handler)                                                                     |                      sc_node_v1_0_15_mi_handler__parameterized4 |          0 |          0 |       0 |    0 |     2 |      0 |      0 |    0 |          0 |
|                 gen_normal_area.inst_fifo_node_payld                                                  |                 sc_node_v1_0_15_fifo__parameterized2__xdcDup__1 |         83 |         35 |      48 |    0 |    88 |      0 |      0 |    0 |          0 |
|                   gen_xpm_memory_fifo.inst_fifo                                                       |                       sc_util_v1_0_4_xpm_memory_fifo__xdcDup__1 |         83 |         35 |      48 |    0 |    88 |      0 |      0 |    0 |          0 |
|                     (gen_xpm_memory_fifo.inst_fifo)                                                   |                       sc_util_v1_0_4_xpm_memory_fifo__xdcDup__1 |          4 |          4 |       0 |    0 |     4 |      0 |      0 |    0 |          0 |
|                     gen_mem_rep[0].inst_rd_addrb                                                      |                       sc_util_v1_0_4_counter__parameterized1_22 |          6 |          6 |       0 |    0 |     6 |      0 |      0 |    0 |          0 |
|                     gen_mem_rep[0].inst_wr_addra                                                      |                       sc_util_v1_0_4_counter__parameterized1_23 |          5 |          5 |       0 |    0 |     6 |      0 |      0 |    0 |          0 |
|                     gen_mem_rep[0].inst_xpm_memory                                                    |                                               xpm_memory_sdpram |         48 |          0 |      48 |    0 |    66 |      0 |      0 |    0 |          0 |
|                       xpm_memory_base_inst                                                            |                                                 xpm_memory_base |         48 |          0 |      48 |    0 |    66 |      0 |      0 |    0 |          0 |
|                     gen_wr.inst_wr_addra_p1                                                           |                       sc_util_v1_0_4_counter__parameterized2_24 |         20 |         20 |       0 |    0 |     6 |      0 |      0 |    0 |          0 |
|               inst_si_handler                                                                         |                      sc_node_v1_0_15_si_handler__parameterized4 |          1 |          1 |       0 |    0 |     1 |      0 |      0 |    0 |          0 |
|               s_sc_xpm_cdc_async_rst_inst                                                             |                                           xpm_cdc_async_rst__26 |          0 |          0 |       0 |    0 |     3 |      0 |      0 |    0 |          0 |
|           s00_aw_node                                                                                 |                                                  bd_8332_sawn_0 |         87 |         39 |      48 |    0 |    93 |      0 |      0 |    0 |          0 |
|             inst                                                                                      |                             sc_node_v1_0_15_top__parameterized5 |         87 |         39 |      48 |    0 |    93 |      0 |      0 |    0 |          0 |
|               (inst)                                                                                  |                             sc_node_v1_0_15_top__parameterized5 |          3 |          3 |       0 |    0 |     1 |      0 |      0 |    0 |          0 |
|               inst_mi_handler                                                                         |                      sc_node_v1_0_15_mi_handler__parameterized5 |         84 |         36 |      48 |    0 |    88 |      0 |      0 |    0 |          0 |
|                 (inst_mi_handler)                                                                     |                      sc_node_v1_0_15_mi_handler__parameterized5 |          0 |          0 |       0 |    0 |     2 |      0 |      0 |    0 |          0 |
|                 gen_normal_area.inst_fifo_node_payld                                                  |                            sc_node_v1_0_15_fifo__parameterized2 |         84 |         36 |      48 |    0 |    86 |      0 |      0 |    0 |          0 |
|                   gen_xpm_memory_fifo.inst_fifo                                                       |                                  sc_util_v1_0_4_xpm_memory_fifo |         84 |         36 |      48 |    0 |    86 |      0 |      0 |    0 |          0 |
|                     (gen_xpm_memory_fifo.inst_fifo)                                                   |                                  sc_util_v1_0_4_xpm_memory_fifo |          4 |          4 |       0 |    0 |     4 |      0 |      0 |    0 |          0 |
|                     gen_mem_rep[0].inst_rd_addrb                                                      |                       sc_util_v1_0_4_counter__parameterized1_19 |          6 |          6 |       0 |    0 |     6 |      0 |      0 |    0 |          0 |
|                     gen_mem_rep[0].inst_wr_addra                                                      |                       sc_util_v1_0_4_counter__parameterized1_20 |          5 |          5 |       0 |    0 |     6 |      0 |      0 |    0 |          0 |
|                     gen_mem_rep[0].inst_xpm_memory                                                    |                                            xpm_memory_sdpram__2 |         48 |          0 |      48 |    0 |    64 |      0 |      0 |    0 |          0 |
|                       xpm_memory_base_inst                                                            |                                              xpm_memory_base__2 |         48 |          0 |      48 |    0 |    64 |      0 |      0 |    0 |          0 |
|                     gen_wr.inst_wr_addra_p1                                                           |                       sc_util_v1_0_4_counter__parameterized2_21 |         21 |         21 |       0 |    0 |     6 |      0 |      0 |    0 |          0 |
|               inst_si_handler                                                                         |                      sc_node_v1_0_15_si_handler__parameterized5 |          1 |          1 |       0 |    0 |     1 |      0 |      0 |    0 |          0 |
|               s_sc_xpm_cdc_async_rst_inst                                                             |                                           xpm_cdc_async_rst__24 |          0 |          0 |       0 |    0 |     3 |      0 |      0 |    0 |          0 |
|           s00_b_node                                                                                  |                                                   bd_8332_sbn_0 |         49 |         41 |       8 |    0 |    31 |      0 |      0 |    0 |          0 |
|             inst                                                                                      |                             sc_node_v1_0_15_top__parameterized6 |         49 |         41 |       8 |    0 |    31 |      0 |      0 |    0 |          0 |
|               (inst)                                                                                  |                             sc_node_v1_0_15_top__parameterized6 |          3 |          3 |       0 |    0 |     1 |      0 |      0 |    0 |          0 |
|               inst_mi_handler                                                                         |                      sc_node_v1_0_15_mi_handler__parameterized6 |         45 |         37 |       8 |    0 |    26 |      0 |      0 |    0 |          0 |
|                 (inst_mi_handler)                                                                     |                      sc_node_v1_0_15_mi_handler__parameterized6 |          0 |          0 |       0 |    0 |     2 |      0 |      0 |    0 |          0 |
|                 gen_normal_area.inst_fifo_node_payld                                                  |                            sc_node_v1_0_15_fifo__parameterized3 |         45 |         37 |       8 |    0 |    24 |      0 |      0 |    0 |          0 |
|                   gen_xpm_memory_fifo.inst_fifo                                                       |                  sc_util_v1_0_4_xpm_memory_fifo__parameterized0 |         45 |         37 |       8 |    0 |    24 |      0 |      0 |    0 |          0 |
|                     (gen_xpm_memory_fifo.inst_fifo)                                                   |                  sc_util_v1_0_4_xpm_memory_fifo__parameterized0 |          6 |          6 |       0 |    0 |     4 |      0 |      0 |    0 |          0 |
|                     gen_mem_rep[0].inst_rd_addrb                                                      |                       sc_util_v1_0_4_counter__parameterized1_16 |          6 |          6 |       0 |    0 |     6 |      0 |      0 |    0 |          0 |
|                     gen_mem_rep[0].inst_wr_addra                                                      |                       sc_util_v1_0_4_counter__parameterized1_17 |          5 |          5 |       0 |    0 |     6 |      0 |      0 |    0 |          0 |
|                     gen_mem_rep[0].inst_xpm_memory                                                    |                               xpm_memory_sdpram__parameterized0 |          8 |          0 |       8 |    0 |     2 |      0 |      0 |    0 |          0 |
|                       xpm_memory_base_inst                                                            |                                 xpm_memory_base__parameterized0 |          8 |          0 |       8 |    0 |     2 |      0 |      0 |    0 |          0 |
|                     gen_wr.inst_wr_addra_p1                                                           |                       sc_util_v1_0_4_counter__parameterized2_18 |         21 |         21 |       0 |    0 |     6 |      0 |      0 |    0 |          0 |
|               inst_si_handler                                                                         |                      sc_node_v1_0_15_si_handler__parameterized6 |          1 |          1 |       0 |    0 |     1 |      0 |      0 |    0 |          0 |
|               s_sc_xpm_cdc_async_rst_inst                                                             |                                           xpm_cdc_async_rst__22 |          0 |          0 |       0 |    0 |     3 |      0 |      0 |    0 |          0 |
|           s00_r_node                                                                                  |                                                   bd_8332_srn_0 |        187 |        107 |      80 |    0 |   164 |      0 |      0 |    0 |          0 |
|             inst                                                                                      |                             sc_node_v1_0_15_top__parameterized7 |        187 |        107 |      80 |    0 |   164 |      0 |      0 |    0 |          0 |
|               (inst)                                                                                  |                             sc_node_v1_0_15_top__parameterized7 |          3 |          3 |       0 |    0 |     1 |      0 |      0 |    0 |          0 |
|               inst_mi_handler                                                                         |                      sc_node_v1_0_15_mi_handler__parameterized7 |        183 |        103 |      80 |    0 |   159 |      0 |      0 |    0 |          0 |
|                 (inst_mi_handler)                                                                     |                      sc_node_v1_0_15_mi_handler__parameterized7 |          0 |          0 |       0 |    0 |     2 |      0 |      0 |    0 |          0 |
|                 gen_normal_area.gen_downsizer.inst_downsizer                                          |                                       sc_node_v1_0_15_downsizer |          1 |          1 |       0 |    0 |     3 |      0 |      0 |    0 |          0 |
|                 gen_normal_area.inst_fifo_node_payld                                                  |                            sc_node_v1_0_15_fifo__parameterized4 |        182 |        102 |      80 |    0 |   154 |      0 |      0 |    0 |          0 |
|                   gen_xpm_memory_fifo.inst_fifo                                                       |                  sc_util_v1_0_4_xpm_memory_fifo__parameterized1 |        182 |        102 |      80 |    0 |   154 |      0 |      0 |    0 |          0 |
|                     (gen_xpm_memory_fifo.inst_fifo)                                                   |                  sc_util_v1_0_4_xpm_memory_fifo__parameterized1 |         72 |         72 |       0 |    0 |     4 |      0 |      0 |    0 |          0 |
|                     gen_mem_rep[0].inst_rd_addrb                                                      |                       sc_util_v1_0_4_counter__parameterized1_13 |          5 |          5 |       0 |    0 |     6 |      0 |      0 |    0 |          0 |
|                     gen_mem_rep[0].inst_wr_addra                                                      |                       sc_util_v1_0_4_counter__parameterized1_14 |          5 |          5 |       0 |    0 |     6 |      0 |      0 |    0 |          0 |
|                     gen_mem_rep[0].inst_xpm_memory                                                    |                               xpm_memory_sdpram__parameterized1 |         80 |          0 |      80 |    0 |   132 |      0 |      0 |    0 |          0 |
|                       xpm_memory_base_inst                                                            |                                 xpm_memory_base__parameterized1 |         80 |          0 |      80 |    0 |   132 |      0 |      0 |    0 |          0 |
|                     gen_wr.inst_wr_addra_p1                                                           |                       sc_util_v1_0_4_counter__parameterized2_15 |         21 |         21 |       0 |    0 |     6 |      0 |      0 |    0 |          0 |
|               inst_si_handler                                                                         |                      sc_node_v1_0_15_si_handler__parameterized7 |          1 |          1 |       0 |    0 |     1 |      0 |      0 |    0 |          0 |
|               s_sc_xpm_cdc_async_rst_inst                                                             |                                           xpm_cdc_async_rst__20 |          0 |          0 |       0 |    0 |     3 |      0 |      0 |    0 |          0 |
|           s00_w_node                                                                                  |                                                   bd_8332_swn_0 |        146 |         58 |      88 |    0 |   331 |      0 |      0 |    0 |          0 |
|             inst                                                                                      |                             sc_node_v1_0_15_top__parameterized8 |        146 |         58 |      88 |    0 |   331 |      0 |      0 |    0 |          0 |
|               (inst)                                                                                  |                             sc_node_v1_0_15_top__parameterized8 |          3 |          3 |       0 |    0 |     1 |      0 |      0 |    0 |          0 |
|               inst_mi_handler                                                                         |                      sc_node_v1_0_15_mi_handler__parameterized8 |        143 |         55 |      88 |    0 |   326 |      0 |      0 |    0 |          0 |
|                 (inst_mi_handler)                                                                     |                      sc_node_v1_0_15_mi_handler__parameterized8 |          0 |          0 |       0 |    0 |     2 |      0 |      0 |    0 |          0 |
|                 gen_normal_area.gen_fi_regulator.inst_fi_regulator                                    |                                    sc_node_v1_0_15_fi_regulator |          1 |          1 |       0 |    0 |     2 |      0 |      0 |    0 |          0 |
|                 gen_normal_area.gen_upsizer.inst_upsizer                                              |                                         sc_node_v1_0_15_upsizer |         16 |         16 |       0 |    0 |   155 |      0 |      0 |    0 |          0 |
|                   (gen_normal_area.gen_upsizer.inst_upsizer)                                          |                                         sc_node_v1_0_15_upsizer |         15 |         15 |       0 |    0 |   151 |      0 |      0 |    0 |          0 |
|                   inst_upsizer_target_pipeline                                                        |                        sc_util_v1_0_4_pipeline__parameterized12 |          1 |          1 |       0 |    0 |     4 |      0 |      0 |    0 |          0 |
|                 gen_normal_area.inst_fifo_node_payld                                                  |                            sc_node_v1_0_15_fifo__parameterized5 |        126 |         38 |      88 |    0 |   167 |      0 |      0 |    0 |          0 |
|                   gen_xpm_memory_fifo.inst_fifo                                                       |                  sc_util_v1_0_4_xpm_memory_fifo__parameterized2 |        126 |         38 |      88 |    0 |   167 |      0 |      0 |    0 |          0 |
|                     (gen_xpm_memory_fifo.inst_fifo)                                                   |                  sc_util_v1_0_4_xpm_memory_fifo__parameterized2 |          7 |          7 |       0 |    0 |     4 |      0 |      0 |    0 |          0 |
|                     gen_mem_rep[0].inst_rd_addrb                                                      |                          sc_util_v1_0_4_counter__parameterized1 |          6 |          6 |       0 |    0 |     6 |      0 |      0 |    0 |          0 |
|                     gen_mem_rep[0].inst_wr_addra                                                      |                       sc_util_v1_0_4_counter__parameterized1_12 |          4 |          4 |       0 |    0 |     6 |      0 |      0 |    0 |          0 |
|                     gen_mem_rep[0].inst_xpm_memory                                                    |                               xpm_memory_sdpram__parameterized2 |         88 |          0 |      88 |    0 |   145 |      0 |      0 |    0 |          0 |
|                       xpm_memory_base_inst                                                            |                                 xpm_memory_base__parameterized2 |         88 |          0 |      88 |    0 |   145 |      0 |      0 |    0 |          0 |
|                     gen_wr.inst_wr_addra_p1                                                           |                          sc_util_v1_0_4_counter__parameterized2 |         23 |         23 |       0 |    0 |     6 |      0 |      0 |    0 |          0 |
|               inst_si_handler                                                                         |                      sc_node_v1_0_15_si_handler__parameterized8 |          0 |          0 |       0 |    0 |     1 |      0 |      0 |    0 |          0 |
|               s_sc_xpm_cdc_async_rst_inst                                                             |                                           xpm_cdc_async_rst__18 |          0 |          0 |       0 |    0 |     3 |      0 |      0 |    0 |          0 |
|     gestureflow_0                                                                                     |                                          system_gestureflow_0_3 |      29806 |      29276 |     520 |   10 | 48164 |     95 |      7 |    0 |        134 |
|       (gestureflow_0)                                                                                 |                                          system_gestureflow_0_3 |          0 |          0 |       0 |    0 |     0 |      0 |      0 |    0 |          0 |
|       inst                                                                                            |                            gestureflow_layer_chain_dmp_hp0_axil |      29806 |      29276 |     520 |   10 | 48164 |     95 |      7 |    0 |        134 |
|         (inst)                                                                                        |                            gestureflow_layer_chain_dmp_hp0_axil |       1620 |       1620 |       0 |    0 |  7022 |      0 |      0 |    0 |          5 |
|         gen_postprocess.postprocess                                                                   |                                          gestureflow_hp0_gap_fc |      11091 |      11091 |       0 |    0 | 14988 |      0 |      0 |    0 |         14 |
|           (gen_postprocess.postprocess)                                                               |                                          gestureflow_hp0_gap_fc |       8992 |       8992 |       0 |    0 | 14384 |      0 |      0 |    0 |         14 |
|           loader                                                                                      |                                   gestureflow_hp0_tensor_loader |       2099 |       2099 |       0 |    0 |   604 |      0 |      0 |    0 |          0 |
|         gen_single_bank.bank0                                                                         |                                         gestureflow_output_bank |        200 |        200 |       0 |    0 |     2 |     56 |      4 |    0 |          0 |
|           (gen_single_bank.bank0)                                                                     |                                         gestureflow_output_bank |        132 |        132 |       0 |    0 |     2 |      0 |      0 |    0 |          0 |
|           gen_slice[0].slice_mem                                                                      |                                   gestureflow_output_bank_slice |          2 |          2 |       0 |    0 |     0 |     14 |      1 |    0 |          0 |
|           gen_slice[1].slice_mem                                                                      |                                 gestureflow_output_bank_slice_9 |          2 |          2 |       0 |    0 |     0 |     14 |      1 |    0 |          0 |
|           gen_slice[2].slice_mem                                                                      |                                gestureflow_output_bank_slice_10 |          1 |          1 |       0 |    0 |     0 |     14 |      1 |    0 |          0 |
|           gen_slice[3].slice_mem                                                                      |                                gestureflow_output_bank_slice_11 |         65 |         65 |       0 |    0 |     0 |     14 |      1 |    0 |          0 |
|         gen_wide_loaders.tensor32_loader                                                              |                            gestureflow_hp0_tensor_loader_banked |        511 |        351 |     160 |    0 |   123 |      0 |      0 |    0 |          0 |
|         gen_wide_loaders.tensor48_loader                                                              |            gestureflow_hp0_tensor_loader_banked__parameterized0 |       1492 |       1252 |     240 |    0 |   124 |      0 |      0 |    0 |          1 |
|         requant                                                                                       |                                        gestureflow_requant_relu |       2937 |       2937 |       0 |    0 |  1858 |      0 |      0 |    0 |         16 |
|         rgb_loader                                                                                    |                                      gestureflow_hp0_rgb_loader |        563 |        563 |       0 |    0 |   219 |      0 |      0 |    0 |          0 |
|         store                                                                                         |                                   gestureflow_hp0_tensor_writer |       2969 |       2969 |       0 |    0 |  1671 |      0 |      0 |    0 |          1 |
|         stream                                                                                        |                         gestureflow_conv4x4_cin_same_stream_dmp |       7149 |       7139 |       0 |   10 | 21544 |     39 |      3 |    0 |         96 |
|           (stream)                                                                                    |                         gestureflow_conv4x4_cin_same_stream_dmp |        101 |        101 |       0 |    0 |  6641 |      0 |      0 |    0 |          0 |
|           mac_tile                                                                                    |                                        gestureflow_mac_tile_dmp |       6351 |       6341 |       0 |   10 |  3549 |     24 |      0 |    0 |         96 |
|             (mac_tile)                                                                                |                                        gestureflow_mac_tile_dmp |       6350 |       6340 |       0 |   10 |  3549 |      0 |      0 |    0 |         96 |
|             pair_weight_banks[0].weight_bank                                                          |                                         gestureflow_weight_bank |          1 |          1 |       0 |    0 |     0 |      3 |      0 |    0 |          0 |
|             pair_weight_banks[1].weight_bank                                                          |                                       gestureflow_weight_bank_2 |          0 |          0 |       0 |    0 |     0 |      3 |      0 |    0 |          0 |
|             pair_weight_banks[2].weight_bank                                                          |                                       gestureflow_weight_bank_3 |          0 |          0 |       0 |    0 |     0 |      3 |      0 |    0 |          0 |
|             pair_weight_banks[3].weight_bank                                                          |                                       gestureflow_weight_bank_4 |          0 |          0 |       0 |    0 |     0 |      3 |      0 |    0 |          0 |
|             pair_weight_banks[4].weight_bank                                                          |                                       gestureflow_weight_bank_5 |          0 |          0 |       0 |    0 |     0 |      3 |      0 |    0 |          0 |
|             pair_weight_banks[5].weight_bank                                                          |                                       gestureflow_weight_bank_6 |          0 |          0 |       0 |    0 |     0 |      3 |      0 |    0 |          0 |
|             pair_weight_banks[6].weight_bank                                                          |                                       gestureflow_weight_bank_7 |          0 |          0 |       0 |    0 |     0 |      3 |      0 |    0 |          0 |
|             pair_weight_banks[7].weight_bank                                                          |                                       gestureflow_weight_bank_8 |          0 |          0 |       0 |    0 |     0 |      3 |      0 |    0 |          0 |
|           same_window                                                                                 |                                  gestureflow_same4x4_cin_window |        697 |        697 |       0 |    0 | 11354 |     15 |      3 |    0 |          0 |
|             (same_window)                                                                             |                                  gestureflow_same4x4_cin_window |         36 |         36 |       0 |    0 |    30 |      0 |      0 |    0 |          0 |
|             line_window                                                                               |                                  gestureflow_line_window_vector |        661 |        661 |       0 |    0 | 11324 |     15 |      3 |    0 |          0 |
|               (line_window)                                                                           |                                  gestureflow_line_window_vector |         38 |         38 |       0 |    0 | 11324 |      0 |      0 |    0 |          0 |
|               line_delay[0].delay_bank                                                                |                              gestureflow_line_delay_vector_bank |        220 |        220 |       0 |    0 |     0 |      5 |      1 |    0 |          0 |
|               line_delay[1].delay_bank                                                                |                            gestureflow_line_delay_vector_bank_0 |        201 |        201 |       0 |    0 |     0 |      5 |      1 |    0 |          0 |
|               line_delay[2].delay_bank                                                                |                            gestureflow_line_delay_vector_bank_1 |        206 |        206 |       0 |    0 |     0 |      5 |      1 |    0 |          0 |
|         tensor_loader                                                                                 |            gestureflow_hp0_tensor_loader_banked__parameterized1 |        411 |        331 |      80 |    0 |   124 |      0 |      0 |    0 |          0 |
|         weight_dma_loader                                                                             |                           gestureflow_hp0_weight_dma_loader_dmp |        949 |        909 |      40 |    0 |   489 |      0 |      0 |    0 |          1 |
|     rst_pl                                                                                            |                                                 system_rst_pl_3 |         12 |         11 |       0 |    1 |    26 |      0 |      0 |    0 |          0 |
|       U0                                                                                              |                                  proc_sys_reset__parameterized2 |         12 |         11 |       0 |    1 |    26 |      0 |      0 |    0 |          0 |
|         (U0)                                                                                          |                                  proc_sys_reset__parameterized2 |          0 |          0 |       0 |    0 |     2 |      0 |      0 |    0 |          0 |
|         EXT_LPF                                                                                       |                                             lpf__parameterized0 |          3 |          2 |       0 |    1 |     9 |      0 |      0 |    0 |          0 |
|           (EXT_LPF)                                                                                   |                                             lpf__parameterized0 |          2 |          1 |       0 |    1 |     5 |      0 |      0 |    0 |          0 |
|           ACTIVE_HIGH_EXT.ACT_HI_EXT                                                                  |                                                        cdc_sync |          1 |          1 |       0 |    0 |     4 |      0 |      0 |    0 |          0 |
|         SEQ                                                                                           |                                                    sequence_psr |          9 |          9 |       0 |    0 |    15 |      0 |      0 |    0 |          0 |
|           (SEQ)                                                                                       |                                                    sequence_psr |          5 |          5 |       0 |    0 |     9 |      0 |      0 |    0 |          0 |
|           SEQ_COUNTER                                                                                 |                                                         upcnt_n |          4 |          4 |       0 |    0 |     6 |      0 |      0 |    0 |          0 |
|     rst_pl_inv                                                                                        |                                             system_rst_pl_inv_3 |          1 |          1 |       0 |    0 |     0 |      0 |      0 |    0 |          0 |
|     zynq_ultra_ps_e_0                                                                                 |                                      system_zynq_ultra_ps_e_0_0 |          0 |          0 |       0 |    0 |     0 |      0 |      0 |    0 |          0 |
|       inst                                                                                            |                          zynq_ultra_ps_e_v3_5_1_zynq_ultra_ps_e |          0 |          0 |       0 |    0 |     0 |      0 |      0 |    0 |          0 |
+-------------------------------------------------------------------------------------------------------+-----------------------------------------------------------------+------------+------------+---------+------+-------+--------+--------+------+------------+
* Note: The sum of lower-level cells may be larger than their parent cells total, due to cross-hierarchy LUT combining


